Protein,Disease
3084,0
31,0
5545,0
3438,0
792,0
353,0
2029,0
220,0
1891,0
1665,0
659,0
4229,0
1769,0
5392,0
3323,0
711,0
3603,0
1384,0
5579,0
2740,0
3040,0
4842,0
5931,0
2511,0
960,0
2950,0
656,0
3090,0
5377,0
5642,0
310,0
5859,0
4890,0
3496,0
2010,0
3171,0
2138,0
3016,0
4168,0
1225,0
1701,0
2196,0
284,0
308,0
305,1
2473,1
2008,1
579,1
828,1
1179,1
1896,1
3811,1
1184,1
2836,1
2359,1
5000,1
3463,1
656,1
4638,1
4829,1
3258,1
4912,1
4900,1
2013,1
5246,1
5644,3
5683,3
1991,3
1445,3
5869,3
4739,3
1193,3
3905,3
3496,3
4169,3
2803,6
1247,6
5909,6
1616,6
5377,7
5644,8
4953,8
5944,9
454,9
3682,9
5155,9
31,9
1777,9
3557,9
526,9
2229,9
1639,9
4804,9
918,9
3427,9
1045,9
590,9
4622,9
5592,9
863,9
1059,9
4144,9
1938,9
1117,9
323,9
3954,9
46,9
5890,9
4442,9
2791,9
4669,9
4169,9
5229,9
3629,9
5053,9
5996,9
2326,9
1941,9
5013,9
994,9
4449,9
5008,10
4062,10
5661,10
2864,10
4079,10
3084,10
5942,10
5944,10
236,10
1388,10
31,10
2008,10
5644,10
5683,10
2861,10
4603,10
5725,10
1164,10
2674,10
5852,10
441,10
353,10
2662,10
5845,10
5926,10
3744,10
220,10
1891,10
1589,10
1159,10
711,10
4065,10
2919,10
1445,10
5579,10
2345,10
2359,10
5380,10
467,10
3036,10
2292,10
2307,10
586,10
3463,10
2325,10
5979,10
1652,10
3225,10
3211,10
1834,10
2007,10
1072,10
1443,10
3026,10
5987,10
4144,10
2587,10
5377,10
4651,10
1627,10
5731,10
1193,10
946,10
2358,10
952,10
5859,10
5914,10
3305,10
4731,10
3496,10
2010,10
4431,10
911,10
113,10
3916,10
5577,10
4169,10
1913,10
3629,10
5871,10
5165,10
4361,10
5234,10
1595,10
1448,10
3733,10
5285,10
4912,10
3156,10
4423,10
4291,10
3946,10
1585,10
1771,10
5331,10
5235,10
5751,10
4964,10
464,10
1697,10
4194,10
535,10
3682,11
3814,11
1040,11
5702,11
2956,11
639,11
897,11
5512,11
2835,11
4229,11
3519,11
4137,11
3688,11
383,11
4663,11
2250,11
4768,11
2365,11
2136,11
590,11
286,11
960,11
863,11
3597,11
4476,11
5642,11
211,11
952,11
5739,11
605,11
1342,11
4334,11
5537,11
3670,11
4038,11
3535,11
4351,11
5345,11
341,11
2118,11
730,11
4310,12
4704,12
4706,12
3084,12
2895,12
5395,12
5683,12
618,12
5728,12
353,12
714,12
2662,12
2029,12
5845,12
220,12
5416,12
1891,12
4229,12
711,12
2919,12
5579,12
3307,12
3406,12
4525,12
857,12
2039,12
423,12
3002,12
1098,12
1167,12
2123,12
4478,12
960,12
4786,12
5550,12
3060,12
952,12
1154,12
5859,12
568,12
623,12
3305,12
3929,12
5723,12
5251,12
2411,12
109,12
4169,12
2613,12
5053,12
5996,12
2353,12
4423,12
1225,12
5943,12
370,12
1129,12
3991,12
3943,13
2058,13
5944,14
31,14
4603,14
2662,14
4783,14
2497,14
2950,14
1193,14
43,14
2358,14
5859,14
1105,14
3171,14
1256,14
4900,14
4026,14
4953,15
3869,15
3709,15
1288,15
2110,15
2837,17
2375,17
845,17
5635,17
2815,17
3652,17
4614,17
2421,17
31,17
687,17
5158,17
1235,17
3684,17
5834,17
1498,17
5524,17
5197,17
2156,17
2554,17
1303,17
5797,17
1251,17
4137,17
2802,17
3018,17
1093,17
4100,17
3883,17
3142,17
2701,17
1972,17
3323,17
1558,17
3081,17
2164,17
585,17
3700,17
3474,17
126,17
1557,17
1266,17
4294,17
4633,17
4138,17
2292,17
5128,17
1869,17
3215,17
1783,17
1786,17
2166,17
4686,17
718,17
4771,17
1310,17
3211,17
2993,17
5301,17
4052,17
2316,17
756,17
3443,17
2639,17
470,17
879,17
2401,17
3138,17
1979,17
1895,17
4542,17
5075,17
3941,17
5100,17
4764,17
3943,17
2569,17
4816,17
2396,17
2513,17
1278,17
2957,17
2939,17
3037,17
1911,17
5493,17
3445,17
2613,17
2875,17
2038,17
3629,17
3403,17
4372,17
4278,17
2357,17
1495,17
4453,17
4854,17
1687,17
2138,17
2898,17
1771,17
5013,17
2504,17
1477,17
970,17
2372,17
4720,17
994,17
284,17
1897,17
1757,17
2318,17
4825,17
87,17
5455,17
4449,17
4116,17
3847,18
3519,18
3564,18
4062,19
4021,19
3587,19
1891,19
115,19
550,19
4334,19
3291,19
5996,19
224,19
3273,19
1897,19
2983,19
727,19
4216,19
2864,20
5944,20
1276,20
3110,20
4024,20
2008,20
3691,20
3767,20
3847,20
3519,20
3256,20
3689,20
5330,20
5633,20
2938,20
960,20
5067,20
384,20
3931,20
756,20
550,20
751,20
4334,20
2613,20
4158,20
5053,20
366,20
4956,20
1161,20
1771,20
284,20
1897,20
5066,20
5395,21
3037,21
4603,22
1891,22
1665,22
659,22
5127,22
1875,22
2693,22
960,22
3211,22
1059,22
384,22
5859,22
5004,22
1636,22
284,22
1897,22
2978,22
3922,22
384,23
2375,24
5806,24
5784,24
5308,24
835,24
2584,24
1700,24
4751,24
1222,24
2813,24
4882,24
642,24
2190,24
5554,24
3161,24
2984,24
2956,24
4066,24
3691,24
1380,24
688,24
3768,24
4463,24
3465,24
1678,24
383,24
4709,24
3855,24
652,24
2335,24
2725,24
4827,24
3537,24
156,24
1183,24
1557,24
3297,24
2254,24
2991,24
1292,24
719,24
4096,24
5962,24
2756,24
3937,24
1066,24
4507,24
3250,24
712,24
3334,24
636,24
1765,24
3481,24
3219,24
2693,24
4899,24
3197,24
4905,24
4008,24
5853,24
74,24
5223,24
3442,24
884,24
3014,24
4741,24
1873,24
1229,24
3601,24
5551,24
656,24
2771,24
5151,24
5227,24
4589,24
4171,24
219,24
4306,24
2262,24
5540,24
664,24
1260,24
112,24
649,24
4424,24
5335,24
2643,24
5100,24
3696,24
2981,24
2842,24
4607,24
4669,24
395,24
2647,24
1575,24
2224,24
3318,24
2896,24
1517,24
4976,24
4931,24
724,24
933,24
1306,24
1230,24
127,24
1242,24
266,24
799,24
4250,24
2601,24
311,24
4778,24
298,24
1311,24
3819,24
4972,24
668,24
3388,24
134,24
5556,24
5299,24
315,24
2009,24
4083,24
2723,24
2975,24
295,24
761,24
3331,24
3642,24
235,24
4026,24
772,24
874,24
1223,24
730,24
939,24
2381,24
3657,24
3904,24
3228,24
387,24
5798,24
878,24
5224,24
1582,24
2658,27
871,27
2837,27
2864,27
314,27
2761,27
3993,27
1797,27
2953,27
232,27
3034,27
2845,27
4257,27
5183,27
845,27
5635,27
4556,27
2522,27
5782,27
3836,27
3177,27
3240,27
167,27
2914,27
1537,27
4021,27
3502,27
4054,27
2609,27
687,27
4994,27
4984,27
4077,27
4320,27
239,27
1461,27
3464,27
3194,27
5941,27
2145,27
5116,27
4362,27
1607,27
5644,27
1235,27
3989,27
1929,27
3684,27
1378,27
2176,27
5376,27
4822,27
1362,27
5478,27
3180,27
2437,27
1939,27
2139,27
1360,27
5524,27
2861,27
2956,27
1213,27
2156,27
4030,27
4081,27
5300,27
5608,27
465,27
5712,27
921,27
606,27
4955,27
2634,27
5412,27
1303,27
1043,27
1409,27
822,27
4019,27
4535,27
4856,27
4620,27
1157,27
3274,27
1166,27
1933,27
5303,27
2258,27
5221,27
1665,27
1390,27
3847,27
3519,27
234,27
4137,27
3137,27
5504,27
5694,27
5419,27
5076,27
4387,27
2802,27
4752,27
4802,27
4152,27
3018,27
48,27
2884,27
4359,27
1991,27
2042,27
600,27
4722,27
4459,27
337,27
652,27
185,27
950,27
5721,27
5091,27
5855,27
3323,27
5470,27
1305,27
4774,27
3513,27
3015,27
3207,27
3061,27
4781,27
595,27
1558,27
3081,27
2084,27
2164,27
585,27
5541,27
3966,27
2523,27
2288,27
3035,27
2135,27
3700,27
4768,27
5121,27
207,27
1835,27
3474,27
3390,27
126,27
1557,27
5963,27
4179,27
4699,27
3223,27
2165,27
4206,27
1226,27
4562,27
3925,27
819,27
2373,27
2688,27
3755,27
1857,27
251,27
3230,27
4843,27
2508,27
1899,27
1200,27
3918,27
3329,27
1926,27
5579,27
1337,27
3417,27
3721,27
3532,27
1189,27
2428,27
681,27
2730,27
196,27
3436,27
1417,27
3053,27
4222,27
2758,27
4410,27
2213,27
1783,27
253,27
2605,27
5666,27
5082,27
2844,27
1778,27
2839,27
3859,27
617,27
2881,27
487,27
2512,27
396,27
2385,27
2055,27
3756,27
1389,27
1998,27
2185,27
92,27
5658,27
90,27
2722,27
2619,27
3673,27
2938,27
2664,27
3972,27
257,27
1976,27
1657,27
340,27
1501,27
3225,27
863,27
4389,27
3129,27
4899,27
3630,27
2716,27
1399,27
3211,27
5404,27
1834,27
1759,27
475,27
3416,27
4644,27
5707,27
1022,27
5301,27
146,27
1815,27
1730,27
2631,27
447,27
756,27
2222,27
1025,27
3267,27
2639,27
4727,27
5281,27
1312,27
1406,27
2479,27
2853,27
4144,27
3978,27
1738,27
4688,27
1500,27
1660,27
1515,27
29,27
1619,27
369,27
4444,27
4288,27
1622,27
5164,27
1199,27
4434,27
628,27
1637,27
4859,27
707,27
2212,27
5925,27
2006,27
3650,27
5642,27
879,27
1714,27
3317,27
2401,27
2773,27
3054,27
3060,27
5440,27
4919,27
4492,27
4353,27
2607,27
3105,27
5960,27
4635,27
5731,27
3379,27
550,27
1895,27
1836,27
495,27
4248,27
335,27
3554,27
5075,27
1008,27
2319,27
4532,27
825,27
5175,27
692,27
965,27
5146,27
1756,27
952,27
5100,27
732,27
23,27
1828,27
4529,27
870,27
3564,27
2741,27
1465,27
435,27
5692,27
3724,27
1580,27
5063,27
5450,27
5099,27
1878,27
3309,27
5786,27
2791,27
5382,27
4334,27
17,27
3087,27
1817,27
2540,27
2651,27
2411,27
1278,27
2957,27
770,27
2939,27
2765,27
193,27
5355,27
3633,27
5903,27
4965,27
2629,27
2875,27
1274,27
3629,27
504,27
658,27
2892,27
3560,27
3649,27
5801,27
5975,27
5983,27
3097,27
2357,27
5345,27
28,27
625,27
2429,27
2270,27
3248,27
4295,27
5042,27
1801,27
1767,27
1047,27
4301,27
446,27
99,27
4742,27
2,27
3711,27
4013,27
2109,27
63,27
5990,27
256,27
4621,27
2443,27
2353,27
2621,27
2306,27
5124,27
1392,27
108,27
1691,27
574,27
3173,27
4732,27
1259,27
298,27
5568,27
553,27
4991,27
3172,27
4912,27
4511,27
5533,27
5077,27
555,27
125,27
5332,27
2992,27
660,27
5085,27
525,27
1771,27
2155,27
5013,27
191,27
2876,27
1430,27
2504,27
1477,27
3584,27
37,27
4267,27
1404,27
4666,27
3031,27
2351,27
2291,27
2146,27
1345,27
5778,27
358,27
459,27
2709,27
4853,27
276,27
483,27
2566,27
4344,27
284,27
1590,27
5562,27
4242,27
2053,27
1757,27
4797,27
3812,27
5336,27
4945,27
0,27
3504,27
1418,27
5066,27
5901,27
1654,27
3654,27
3884,27
609,27
2983,27
582,27
3662,27
5500,27
4582,27
1246,27
3764,27
1177,27
197,27
4161,27
1265,27
1770,27
3269,27
2181,27
3738,27
5729,27
5529,27
5628,27
460,27
2960,27
2658,28
2502,28
66,28
3576,28
2234,28
4317,28
4202,28
781,28
3836,28
4668,28
5945,28
2330,28
1461,28
5001,28
1235,28
2916,28
4822,28
2277,28
4974,28
2156,28
4081,28
3797,28
606,28
805,28
38,28
1108,28
3580,28
438,28
5586,28
3847,28
3519,28
2204,28
4705,28
1322,28
652,28
3323,28
1305,28
3066,28
936,28
3081,28
585,28
2188,28
3700,28
2999,28
5065,28
126,28
1557,28
3304,28
1091,28
2283,28
1926,28
1354,28
3306,28
4979,28
4680,28
3717,28
1922,28
3436,28
4127,28
2605,28
2937,28
359,28
1389,28
5744,28
3972,28
4771,28
583,28
1995,28
3957,28
3024,28
756,28
3267,28
2781,28
2246,28
1211,28
4287,28
3118,28
2249,28
678,28
2068,28
607,28
470,28
1421,28
5642,28
4275,28
3121,28
4542,28
2202,28
1188,28
3496,28
5448,28
1817,28
5755,28
2513,28
1278,28
2957,28
4209,28
715,28
5140,28
1957,28
5229,28
5649,28
1227,28
2521,28
4943,28
5511,28
2875,28
1274,28
3629,28
1867,28
1618,28
344,28
3452,28
5345,28
2924,28
3863,28
3544,28
5996,28
1195,28
189,28
5887,28
1288,28
3374,28
1826,28
826,28
4737,28
4838,28
2793,28
304,28
5085,28
18,28
1771,28
4729,28
519,28
1874,28
2504,28
1477,28
37,28
25,28
994,28
4063,28
2941,28
880,28
1671,28
5441,28
2433,28
1757,28
2564,28
2318,28
4825,28
4795,28
3874,28
3122,28
3734,28
2948,28
2980,28
1863,28
5449,28
2563,28
1019,28
563,28
576,28
2658,29
2953,29
1905,29
2522,29
4614,29
4054,29
5032,29
3048,29
5594,29
4337,29
3684,29
2721,29
4321,29
5524,29
2861,29
4081,29
5712,29
186,29
1726,29
1303,29
1642,29
1782,29
2349,29
2127,29
1933,29
3722,29
3519,29
234,29
2802,29
4246,29
3883,29
2701,29
3878,29
867,29
3061,29
4441,29
5398,29
5479,29
5730,29
3381,29
767,29
585,29
2893,29
3700,29
5217,29
513,29
2527,29
5062,29
4294,29
3230,29
2283,29
1337,29
3417,29
4307,29
4988,29
3281,29
3308,29
253,29
931,29
2605,29
487,29
1389,29
1399,29
445,29
2834,29
3075,29
4408,29
5397,29
5367,29
146,29
756,29
4412,29
721,29
2193,29
4288,29
628,29
470,29
3317,29
2729,29
3060,29
5662,29
5731,29
1895,29
4207,29
4542,29
5075,29
2319,29
2703,29
5175,29
3698,29
1828,29
870,29
1319,29
686,29
2513,29
770,29
4874,29
4189,29
3538,29
3185,29
5317,29
5431,29
1092,29
504,29
2216,29
4372,29
5975,29
1495,29
5345,29
1139,29
241,29
5429,29
650,29
4621,29
149,29
5959,29
5206,29
3605,29
3055,29
1510,29
1771,29
2504,29
1528,29
5778,29
1080,29
4583,29
1757,29
4797,29
0,29
5758,29
4449,29
877,29
5224,29
5243,29
3349,30
845,30
4668,30
5304,30
61,30
2914,30
528,30
4054,30
4320,30
3684,30
4321,30
3252,30
2156,30
606,30
1303,30
1468,30
4535,30
7,30
3263,30
3676,30
752,30
275,30
1212,30
2802,30
3007,30
2884,30
836,30
585,30
3700,30
4768,30
1407,30
3230,30
1337,30
4254,30
2758,30
3302,30
3148,30
2532,30
1065,30
643,30
3112,30
3972,30
4686,30
3936,30
960,30
1834,30
5566,30
4717,30
2834,30
5988,30
415,30
3160,30
756,30
3113,30
832,30
2222,30
1947,30
1211,30
1738,30
507,30
1622,30
4786,30
5550,30
470,30
3060,30
5440,30
5662,30
4217,30
4542,30
5075,30
5175,30
732,30
23,30
1828,30
4529,30
2513,30
2939,30
3538,30
1487,30
5607,30
2038,30
3629,30
724,30
3403,30
4372,30
5056,30
1358,30
2357,30
344,30
2952,30
3089,30
3397,30
3512,30
2573,30
1771,30
2013,30
242,30
2504,30
970,30
994,30
4557,30
1757,30
2318,30
4032,30
4194,30
535,30
5066,30
2434,30
4609,30
3884,30
4233,30
4449,30
1177,30
877,30
2375,31
1002,31
5944,31
3682,31
2652,31
2696,31
31,31
2094,31
3252,31
1656,31
4229,31
554,31
5993,31
4709,31
3537,31
1089,31
2758,31
2525,31
701,31
2938,31
1825,31
2671,31
1059,31
3118,31
2004,31
550,31
5100,31
3696,31
5859,31
1963,31
356,31
3629,31
2601,31
2793,31
3425,31
1070,31
1357,31
730,31
3256,32
1652,32
2671,32
1771,32
5127,33
213,33
4731,33
4169,33
1963,33
5419,34
4796,34
2164,34
585,34
4572,34
590,34
4622,34
4178,34
3656,34
3586,34
2555,34
4334,34
5355,34
3495,34
2395,34
1357,34
4216,34
4062,35
2073,35
1166,35
3519,35
4041,35
3107,35
960,35
5051,35
1059,35
1103,35
3902,35
5004,35
4181,35
2809,36
2421,36
4820,36
5186,36
5524,36
205,36
2861,36
1555,36
2802,36
3689,36
3559,36
1834,36
1072,36
1970,36
4837,36
3496,36
4169,36
3629,36
504,36
1811,36
2466,36
4181,36
4385,36
1636,36
284,36
706,36
183,37
785,37
1555,37
3134,37
3256,38
960,38
1941,38
4063,38
1897,38
1276,39
4603,39
1891,39
3519,39
2802,39
5065,39
5937,39
1640,39
2325,39
4501,39
960,39
863,39
5051,39
3211,39
1059,39
384,39
1834,39
3775,39
2358,39
4169,39
1913,39
2613,39
3174,39
3629,39
1771,39
2504,39
4297,39
284,39
2978,39
984,39
4062,40
4603,40
4933,40
3519,40
3537,40
4138,40
5397,40
550,40
1836,40
2287,40
5175,40
4169,40
2914,41
4054,41
2145,41
1235,41
2916,41
1468,41
3519,41
4774,41
585,41
3536,41
2758,41
1961,41
1622,41
4786,41
5550,41
3185,41
2892,41
2357,41
4385,41
1080,41
5066,41
5209,41
4449,41
4161,41
3576,43
2742,43
1555,43
5603,43
5817,43
1857,43
3147,43
2732,43
5548,43
3648,43
3602,43
871,44
4062,44
4846,44
5944,44
3682,44
1388,44
1904,44
105,44
2455,44
3981,44
4229,44
3519,44
5279,44
3256,44
5127,44
617,44
1065,44
5609,44
2102,44
5354,44
691,44
3696,44
2569,44
1623,44
1963,44
1746,44
2360,44
5589,44
5629,44
393,44
3730,44
5646,44
1691,44
298,44
2447,44
5013,44
464,44
669,44
3861,44
3109,44
1070,44
2913,44
4449,44
563,44
4904,45
1350,45
2375,45
6001,45
1087,45
2965,45
599,45
1002,45
1408,45
5944,45
454,45
3682,45
3814,45
2214,45
2846,45
2218,45
1904,45
5395,45
3072,45
4289,45
2861,45
3252,45
5197,45
1434,45
1104,45
4229,45
2069,45
3847,45
3519,45
5076,45
2802,45
2229,45
4526,45
3537,45
3531,45
4781,45
4284,45
3925,45
549,45
2951,45
4680,45
5127,45
4173,45
2292,45
2213,45
2525,45
3749,45
712,45
1389,45
2185,45
3936,45
2005,45
863,45
3211,45
1834,45
1072,45
2834,45
809,45
1199,45
3096,45
5175,45
952,45
5100,45
4397,45
5521,45
4764,45
3696,45
3720,45
5418,45
5692,45
3724,45
508,45
830,45
5503,45
5176,45
2540,45
5755,45
1491,45
4953,45
4169,45
1963,45
5493,45
3162,45
2962,45
1934,45
2613,45
1274,45
3629,45
4158,45
2997,45
638,45
3863,45
5053,45
3567,45
3294,45
3301,45
298,45
1811,45
1941,45
1771,45
3212,45
3106,45
4714,45
129,45
284,45
2978,45
1070,45
2481,45
3922,45
3038,45
4449,45
730,45
563,45
236,46
918,46
1849,46
176,46
550,46
1836,46
317,46
2766,46
871,47
2375,47
6001,47
4202,47
3074,47
2965,47
4846,47
1002,47
797,47
5944,47
454,47
1449,47
4257,47
4932,47
236,47
3682,47
3612,47
4668,47
4382,47
4380,47
2421,47
31,47
2330,47
4021,47
2142,47
3708,47
1800,47
2015,47
482,47
5395,47
1235,47
1338,47
3438,47
4313,47
4820,47
2861,47
2956,47
2094,47
3252,47
5197,47
3376,47
1917,47
1656,47
5892,47
3718,47
4790,47
1704,47
659,47
4229,47
5076,47
3704,47
5279,47
2229,47
48,47
2702,47
711,47
2227,47
3537,47
4003,47
3531,47
1450,47
3256,47
3300,47
4712,47
2386,47
3182,47
1926,47
4330,47
5579,47
4009,47
689,47
1038,47
5127,47
1122,47
4988,47
196,47
1692,47
5962,47
1308,47
1371,47
4525,47
2307,47
4146,47
104,47
2758,47
2525,47
3749,47
4299,47
2605,47
2937,47
1996,47
1263,47
1389,47
1640,47
2185,47
2938,47
2123,47
4177,47
505,47
1290,47
2005,47
1825,47
171,47
3129,47
2623,47
3211,47
1834,47
3189,47
1072,47
4084,47
5707,47
5422,47
1862,47
980,47
1970,47
4144,47
3978,47
5314,47
3118,47
1103,47
2478,47
49,47
2773,47
3060,47
1895,47
3627,47
4171,47
5491,47
4383,47
5175,47
952,47
5100,47
5521,47
4764,47
3696,47
3720,47
3242,47
2981,47
508,47
5041,47
3517,47
3496,47
4953,47
2694,47
4169,47
5229,47
5493,47
4553,47
1913,47
3282,47
2875,47
3629,47
4158,47
4496,47
2862,47
1233,47
3248,47
5053,47
5042,47
4089,47
5218,47
2326,47
190,47
4474,47
1256,47
3301,47
2793,47
5726,47
5202,47
4291,47
4658,47
1941,47
1771,47
3212,47
5888,47
970,47
3340,47
3991,47
994,47
4853,47
669,47
3861,47
5441,47
284,47
1757,47
2371,47
1697,47
2083,47
5321,47
308,47
1863,47
3766,47
244,47
3582,47
1357,47
2983,47
730,47
5241,47
408,47
5395,48
863,48
3496,48
5138,48
5395,49
2375,50
2502,50
314,50
5942,50
5944,50
454,50
236,50
3682,50
4668,50
2455,50
4551,50
3098,50
1877,50
606,50
1380,50
5926,50
3744,50
3519,50
554,50
54,50
2661,50
2229,50
2552,50
2870,50
3537,50
2164,50
3256,50
1091,50
4402,50
1445,50
4680,50
2106,50
2605,50
1045,50
2618,50
3673,50
1950,50
3129,50
1059,50
4454,50
3661,50
1741,50
3978,50
3648,50
2004,50
3415,50
550,50
2509,50
5912,50
5175,50
952,50
5890,50
3720,50
870,50
4442,50
4334,50
432,50
4169,50
5229,50
3629,50
4372,50
4368,50
3863,50
5053,50
4191,50
3618,50
4115,50
2430,50
5726,50
762,50
1519,50
4619,50
929,50
1771,50
3524,50
5013,50
2787,50
5778,50
358,50
823,50
994,50
5435,50
5115,50
3766,50
5500,50
5241,50
4001,50
1276,51
3519,51
960,51
384,51
3931,51
550,51
4248,51
4437,51
2837,52
5207,52
1850,52
4257,52
5304,52
5945,52
3039,52
4614,52
3814,52
848,52
4000,52
5032,52
1461,52
2145,52
3133,52
1401,52
2824,52
2156,52
4081,52
4690,52
1380,52
5412,52
1303,52
4354,52
5467,52
1053,52
1104,52
3565,52
2281,52
964,52
3847,52
3519,52
4137,52
4702,52
3883,52
200,52
1332,52
1469,52
1506,52
4473,52
2585,52
5339,52
5701,52
126,52
69,52
2283,52
2901,52
3886,52
1189,52
2289,52
5978,52
2972,52
1417,52
4410,52
3215,52
253,52
3302,52
868,52
2025,52
3411,52
3112,52
1552,52
2185,52
3972,52
2988,52
1310,52
1892,52
5067,52
5306,52
3813,52
384,52
4260,52
5707,52
756,52
1025,52
2639,52
1890,52
3838,52
1103,52
4288,52
1681,52
983,52
2401,52
4542,52
3902,52
4248,52
1008,52
2319,52
5175,52
44,52
2695,52
5774,52
4857,52
1581,52
5194,52
1695,52
770,52
5833,52
5229,52
5493,52
5971,52
2521,52
901,52
5749,52
5975,52
2043,52
826,52
3301,52
291,52
2399,52
4912,52
2206,52
4956,52
2323,52
100,52
3822,52
4448,52
2504,52
464,52
5778,52
1080,52
4130,52
284,52
1590,52
5705,52
5762,52
4242,52
2053,52
1757,52
477,52
0,52
5483,52
4040,52
917,52
2617,52
4056,52
318,52
877,52
3251,52
3705,52
2086,52
4128,53
2375,53
5226,53
5222,53
3776,53
5095,53
1583,53
5197,53
894,53
801,53
659,53
1077,53
214,53
3407,53
1389,53
4899,53
4939,53
4178,53
206,53
5832,53
5826,53
4314,53
5548,53
146,53
3873,53
910,53
1571,53
2004,53
5760,53
432,53
1817,53
5176,53
1487,53
3629,53
4569,53
504,53
4237,53
2326,53
190,53
2138,53
1367,53
1771,53
4659,53
5821,53
994,53
284,53
680,53
4449,53
4128,54
2375,54
3288,54
3576,54
1007,54
3279,54
845,54
824,54
1940,54
1988,54
5304,54
4614,54
2421,54
2696,54
31,54
4021,54
3988,54
3149,54
2142,54
5374,54
5158,54
2145,54
2916,54
4085,54
2738,54
3684,54
3133,54
1362,54
3693,54
565,54
5524,54
2956,54
2061,54
1821,54
5197,54
2156,54
2475,54
3634,54
1726,54
1380,54
5412,54
2554,54
1303,54
5797,54
1847,54
4220,54
4019,54
51,54
5852,54
353,54
2662,54
5845,54
886,54
3791,54
2127,54
5458,54
3628,54
5841,54
3639,54
4229,54
4137,54
3253,54
5294,54
3007,54
2884,54
4359,54
4100,54
3883,54
136,54
2701,54
1972,54
4966,54
5470,54
5170,54
3259,54
914,54
4774,54
4915,54
1558,54
3081,54
2585,54
585,54
5590,54
1168,54
2343,54
5065,54
3474,54
3390,54
513,54
3062,54
2527,54
126,54
918,54
5062,54
5827,54
4294,54
3230,54
4843,54
2283,54
5579,54
3886,54
1956,54
1860,54
1795,54
3417,54
3721,54
4138,54
2422,54
1112,54
4988,54
196,54
5978,54
2758,54
3215,54
1783,54
3302,54
2605,54
2937,54
487,54
2512,54
2465,54
2185,54
3972,54
5104,54
4771,54
4963,54
324,54
863,54
4389,54
736,54
1399,54
3211,54
349,54
384,54
5404,54
1834,54
1234,54
5160,54
475,54
5707,54
4296,54
675,54
756,54
5938,54
2577,54
1199,54
2505,54
1291,54
4786,54
983,54
5550,54
5620,54
2032,54
470,54
3317,54
1978,54
2004,54
3138,54
550,54
2017,54
323,54
4542,54
219,54
5837,54
952,54
23,54
1828,54
4764,54
5692,54
2569,54
2396,54
4805,54
3573,54
5156,54
5288,54
2939,54
1963,54
4553,54
5280,54
5317,54
59,54
1973,54
2875,54
4351,54
957,54
4372,54
1358,54
5975,54
4278,54
2357,54
1495,54
4261,54
4417,54
4581,54
4453,54
4438,54
4854,54
3617,54
1687,54
4737,54
2138,54
1787,54
1367,54
3398,54
2620,54
4991,54
2240,54
2114,54
5272,54
2898,54
3845,54
3202,54
2013,54
404,54
4729,54
5013,54
4659,54
1477,54
5888,54
970,54
5078,54
140,54
5778,54
2709,54
994,54
4063,54
5441,54
561,54
284,54
1757,54
2318,54
535,54
3122,54
4875,54
5066,54
87,54
5455,54
5527,54
1019,54
1716,54
3764,54
877,54
4345,54
2131,55
2021,55
5610,55
820,55
2352,55
2923,55
1388,55
4617,55
2324,55
4824,55
4176,55
2036,55
4320,55
3464,55
5442,55
3133,55
1775,55
4264,55
3681,55
3774,55
5524,55
2094,55
4509,55
1208,55
1729,55
2554,55
1303,55
431,55
5926,55
2627,55
1555,55
1896,55
5534,55
5360,55
3847,55
3519,55
234,55
1664,55
4807,55
2825,55
2417,55
2884,55
5535,55
4215,55
3009,55
1724,55
849,55
4200,55
1120,55
2878,55
3061,55
2698,55
3622,55
2659,55
4768,55
4894,55
2334,55
3256,55
1835,55
1183,55
513,55
53,55
5062,55
3925,55
1266,55
1433,55
3329,55
2428,55
3745,55
4173,55
3040,55
5596,55
194,55
3937,55
5090,55
500,55
423,55
4926,55
643,55
3690,55
1879,55
4523,55
2722,55
5546,55
2664,55
3972,55
5881,55
3901,55
1310,55
960,55
2096,55
3225,55
863,55
5081,55
384,55
2841,55
5474,55
4644,55
4408,55
4064,55
2542,55
3837,55
2011,55
4920,55
1451,55
3892,55
3962,55
4273,55
50,55
5969,55
3343,55
1731,55
3001,55
1135,55
5574,55
1819,55
628,55
696,55
470,55
2290,55
2115,55
2418,55
1571,55
5064,55
336,55
5783,55
1294,55
5193,55
5775,55
2319,55
216,55
3044,55
946,55
40,55
4764,55
4694,55
3938,55
1142,55
4334,55
2487,55
5379,55
230,55
4805,55
770,55
3441,55
1563,55
4601,55
5765,55
4169,55
1553,55
4154,55
5493,55
2736,55
1535,55
3185,55
5649,55
246,55
2875,55
901,55
3629,55
4104,55
1793,55
5749,55
5259,55
638,55
5629,55
3171,55
5957,55
3157,55
3068,55
4180,55
5189,55
2071,55
650,55
3077,55
1925,55
3709,55
2150,55
4430,55
154,55
142,55
5748,55
4370,55
5714,55
3864,55
3840,55
786,55
2573,55
125,55
2294,55
5107,55
4135,55
5252,55
2395,55
1031,55
2519,55
5778,55
459,55
5441,55
3665,55
5802,55
3126,55
284,55
5034,55
1757,55
704,55
152,55
4721,55
87,55
1277,55
5858,55
3662,55
705,55
4150,55
3078,55
4161,55
2438,55
67,55
4614,56
2145,56
2861,56
606,56
5412,56
1303,56
16,56
585,56
5590,56
1791,56
126,56
5515,56
1445,56
2283,56
2730,56
2615,56
2567,56
3302,56
863,56
4046,56
4644,56
1979,56
1895,56
2194,56
219,56
1046,56
882,56
1817,56
4809,56
1278,56
5688,56
2858,56
1495,56
3906,56
1771,56
5013,56
2395,56
637,56
3134,56
4161,56
3682,57
558,57
3092,57
5861,57
5618,57
3519,57
3557,57
5745,57
5017,57
2235,57
3529,57
2817,57
4747,57
2511,57
3211,57
1072,57
1123,57
3214,57
4143,57
5229,57
5384,57
4005,57
5332,57
3058,57
994,57
5133,57
3642,57
2375,58
314,58
4706,58
5552,58
5944,58
31,58
4320,58
3708,58
5338,58
4362,58
1235,58
2916,58
4085,58
5417,58
5186,58
2861,58
1251,58
4568,58
5416,58
4895,58
136,58
4722,58
422,58
3256,58
126,58
4114,58
698,58
4485,58
1261,58
719,58
4988,58
635,58
1922,58
3749,58
1640,58
2938,58
1290,58
4326,58
1825,58
960,58
1399,58
3211,58
1059,58
1834,58
5669,58
1713,58
2081,58
980,58
2811,58
307,58
3962,58
5893,58
1499,58
3030,58
2773,58
3060,58
4171,58
952,58
5100,58
4764,58
5418,58
3724,58
508,58
3310,58
1536,58
5459,58
1241,58
4953,58
3037,58
3318,58
3162,58
5971,58
3123,58
5053,58
2110,58
4566,58
1143,58
1941,58
1771,58
994,58
3195,58
5525,58
1489,58
284,58
2877,58
2251,58
3109,58
3459,58
2684,58
2658,59
960,59
863,59
4731,59
4169,59
284,59
1897,59
2658,60
2655,60
2375,60
2502,60
1679,60
454,60
1449,60
4257,60
4556,60
2522,60
3652,60
3836,60
4668,60
5945,60
2609,60
5594,60
4048,60
5876,60
2861,60
2956,60
1213,60
4256,60
5680,60
4713,60
606,60
4955,60
3923,60
1409,60
2060,60
4620,60
5416,60
1390,60
3519,60
3241,60
4137,60
3137,60
5504,60
5419,60
4802,60
3018,60
2701,60
4459,60
185,60
950,60
1184,60
4774,60
767,60
595,60
1558,60
2164,60
585,60
1168,60
956,60
2445,60
3035,60
2893,60
4494,60
3256,60
1835,60
3474,60
3390,60
513,60
4808,60
4102,60
126,60
4699,60
3304,60
5817,60
212,60
3329,60
945,60
3745,60
4173,60
5978,60
4812,60
4410,60
3112,60
2664,60
2123,60
1976,60
3901,60
1657,60
4328,60
3129,60
735,60
384,60
1834,60
2834,60
756,60
1741,60
5938,60
2853,60
3962,60
1660,60
678,60
4786,60
5550,60
2536,60
2212,60
470,60
116,60
3317,60
1978,60
2773,60
5506,60
3060,60
4635,60
3379,60
550,60
4542,60
2287,60
1255,60
335,60
2319,60
825,60
5175,60
268,60
4764,60
5063,60
2062,60
2520,60
1696,60
1647,60
2939,60
3037,60
5140,60
5537,60
4239,60
3538,60
1737,60
2059,60
2875,60
3629,60
2216,60
638,60
5345,60
241,60
1645,60
99,60
321,60
3709,60
2138,60
5124,60
298,60
3974,60
555,60
2517,60
2992,60
660,60
1771,60
4729,60
3683,60
5013,60
2876,60
3741,60
1028,60
2504,60
2305,60
1345,60
459,60
994,60
4063,60
490,60
5441,60
284,60
4117,60
1590,60
1757,60
2318,60
2699,60
991,60
1418,60
5248,60
2948,60
1560,60
4449,60
5500,60
706,60
877,60
1265,60
2148,60
2658,61
4257,61
820,61
167,61
2914,61
5796,61
3446,61
4320,61
3835,61
4822,61
3681,61
2861,61
1303,61
4700,61
1390,61
2391,61
70,61
3061,61
215,61
4605,61
513,61
3925,61
1371,61
3198,61
3215,61
3407,61
2937,61
80,61
160,61
4567,61
4328,61
735,61
3211,61
384,61
74,61
1393,61
756,61
1741,61
1946,61
1174,61
1103,61
1206,61
1979,61
4542,61
4878,61
1480,61
2217,61
5100,61
870,61
1878,61
1340,61
5140,61
2336,61
5229,61
442,61
3629,61
926,61
125,61
1771,61
1440,61
5331,61
5778,61
1897,61
5762,61
3247,61
2983,61
4449,61
4150,61
2859,61
2658,62
4062,62
2864,62
3776,62
4793,62
2790,62
5032,62
5683,62
3707,62
5186,62
205,62
441,62
3519,62
2552,62
5047,62
185,62
4774,62
4930,62
5579,62
2345,62
1221,62
3427,62
2463,62
4771,62
5987,62
550,62
2616,62
1341,62
963,62
1193,62
3119,62
2358,62
732,62
233,62
1267,62
2257,62
3629,62
3258,62
4737,62
3301,62
4732,62
1275,62
3127,62
4912,62
4168,62
1941,62
284,62
5296,62
3794,62
5066,62
797,63
4313,63
3704,63
4802,63
4152,63
1038,63
1058,63
3231,63
853,63
1640,63
4478,63
3813,63
2580,63
4731,63
1686,63
799,63
3150,63
1636,63
284,63
2918,63
2658,64
3847,64
3519,64
4774,64
4369,64
5130,64
5633,64
960,64
3211,64
4324,64
550,64
751,64
5887,64
5040,64
1897,64
4437,64
773,64
845,65
2815,65
3652,65
648,65
528,65
4054,65
1550,65
5032,65
3110,65
4024,65
1461,65
5939,65
2145,65
184,65
3684,65
5850,65
4822,65
1362,65
3180,65
5499,65
5704,65
2956,65
4186,65
4030,65
4081,65
606,65
5412,65
2785,65
4137,65
2802,65
2884,65
4352,65
2391,65
5170,65
1210,65
3531,65
585,65
2999,65
3474,65
274,65
3925,65
5515,65
4465,65
6,65
4251,65
253,65
4416,65
3690,65
2619,65
5794,65
3673,65
1565,65
2867,65
1834,65
1995,65
4733,65
4644,65
5326,65
2631,65
756,65
5084,65
2193,65
4288,65
4786,65
5550,65
4859,65
470,65
879,65
116,65
959,65
1979,65
1895,65
323,65
4542,65
825,65
882,65
4357,65
5305,65
2939,65
3418,65
5187,65
1411,65
1973,65
5607,65
2875,65
3649,65
4371,65
4156,65
1687,65
2917,65
926,65
3055,65
4912,65
125,65
5490,65
1941,65
1771,65
3524,65
5999,65
888,65
2504,65
3789,65
5778,65
3977,65
5441,65
1590,65
1757,65
4797,65
2318,65
0,65
3504,65
5066,65
5449,65
2089,65
2851,65
1219,65
1265,65
2181,65
4452,66
845,66
3682,66
2330,66
5395,66
5231,66
1338,66
4313,66
220,66
5303,66
1891,66
3847,66
3519,66
1769,66
711,66
3537,66
1122,66
1525,66
3002,66
3112,66
5794,66
1167,66
2325,66
4747,66
2511,66
960,66
1059,66
384,66
1970,66
4764,66
3696,66
3720,66
5692,66
4552,66
3305,66
3496,66
4431,66
233,66
4936,66
109,66
4169,66
4016,66
1811,66
1636,66
284,66
1697,66
3486,66
3247,66
706,66
1994,67
4257,67
4309,67
4320,67
3477,67
5594,67
2145,67
5626,67
2916,67
4822,67
1362,67
1213,67
4182,67
5680,67
606,67
1303,67
2112,67
5195,67
220,67
1166,67
4137,67
2802,67
2530,67
4774,67
2622,67
3081,67
585,67
2999,67
5340,67
212,67
1153,67
4538,67
6,67
4633,67
1389,67
1310,67
960,67
2096,67
5404,67
5301,67
415,67
756,67
2811,67
1631,67
4298,67
2773,67
3060,67
1979,67
4542,67
692,67
4442,67
3932,67
1171,67
5382,67
1061,67
588,67
3037,67
5493,67
1968,67
2875,67
3629,67
504,67
271,67
5957,67
5345,67
1698,67
3058,67
1771,67
102,67
5331,67
1744,67
5235,67
181,67
2504,67
970,67
1846,67
2372,67
5778,67
459,67
994,67
4853,67
284,67
4715,67
1590,67
1757,67
2318,67
535,67
2948,67
5066,67
582,67
3764,67
3216,67
3519,68
185,68
3256,68
4859,68
996,68
4204,68
1161,68
1072,69
5020,69
616,70
2658,70
871,70
3888,70
5032,70
3464,70
5735,70
2347,70
205,70
1303,70
5534,70
3519,70
4807,70
2552,70
2701,70
4774,70
2590,70
513,70
4808,70
4316,70
1221,70
2732,70
434,70
2605,70
1825,70
3129,70
4899,70
1834,70
5707,70
1394,70
879,70
3054,70
968,70
5540,70
2348,70
1193,70
5859,70
5020,70
1267,70
4154,70
5971,70
1209,70
2047,70
2306,70
4136,70
1771,70
4910,70
464,70
1897,70
5758,70
2766,70
3256,72
1267,72
3462,72
4190,73
2655,73
2786,73
1994,73
201,73
2375,73
2864,73
5743,73
183,73
1039,73
3279,73
2244,73
4258,73
780,73
3776,73
2845,73
624,73
4257,73
733,73
814,73
845,73
5635,73
236,73
1520,73
2815,73
3652,73
1467,73
4014,73
2648,73
4668,73
648,73
5945,73
4596,73
4614,73
1388,73
3875,73
4021,73
5531,73
3988,73
687,73
2452,73
2027,73
2045,73
848,73
1042,73
3591,73
5032,73
4320,73
1461,73
1610,73
3464,73
5158,73
2455,73
671,73
610,73
2145,73
4362,73
3455,73
5626,73
5454,73
1235,73
378,73
3684,73
4060,73
385,73
2413,73
3133,73
4822,73
1362,73
3587,73
5968,73
4820,73
1318,73
5704,73
4224,73
205,73
2984,73
2956,73
4066,73
2398,73
1739,73
3735,73
2156,73
4186,73
4081,73
3264,73
186,73
2778,73
606,73
3760,73
1726,73
4395,73
1796,73
1380,73
5412,73
639,73
1043,73
1987,73
2346,73
2944,73
5564,73
4019,73
12,73
4095,73
4960,73
3658,73
338,73
2796,73
2127,73
5926,73
1108,73
3205,73
1249,73
3580,73
3155,73
5303,73
5432,73
3285,73
7,73
4221,73
3263,73
2085,73
5143,73
3990,73
234,73
5777,73
4137,73
3557,73
2661,73
2417,73
1740,73
5419,73
2802,73
4419,73
4152,73
3018,73
48,73
2884,73
4100,73
4488,73
4709,73
3883,73
2042,73
2067,73
2870,73
3142,73
136,73
5132,73
925,73
1972,73
2804,73
5934,73
1204,73
3804,73
5309,73
70,73
685,73
1920,73
3323,73
1305,73
4188,73
4915,73
249,73
2164,73
585,73
5590,73
988,73
5327,73
1316,73
631,73
4946,73
4845,73
4755,73
3170,73
410,73
1148,73
1916,73
2999,73
5065,73
1396,73
3474,73
3390,73
1407,73
279,73
2231,73
4102,73
255,73
126,73
1557,73
77,73
3782,73
4699,73
148,73
3515,73
4206,73
3304,73
4978,73
5062,73
4983,73
549,73
4573,73
3755,73
1445,73
5526,73
2283,73
620,73
1337,73
498,73
5072,73
3585,73
5131,73
6,73
4157,73
95,73
4173,73
1922,73
3899,73
196,73
3468,73
2972,73
1436,73
3215,73
1783,73
1712,73
1719,73
158,73
3749,73
4564,73
417,73
4163,73
3302,73
4300,73
3407,73
2605,73
2937,73
3803,73
5396,73
993,73
3422,73
3690,73
3401,73
1389,73
2128,73
5673,73
2185,73
4547,73
3243,73
2722,73
2619,73
5482,73
1476,73
1257,73
3972,73
2051,73
5337,73
1866,73
4045,73
1747,73
306,73
3901,73
1825,73
4771,73
4244,73
3129,73
4939,73
137,73
26,73
2716,73
919,73
1399,73
1932,73
5054,73
106,73
735,73
1059,73
384,73
5404,73
5509,73
1834,73
1995,73
1072,73
4646,73
4872,73
1611,73
5669,73
827,73
834,73
1759,73
3104,73
5695,73
5879,73
1237,73
5994,73
4644,73
5096,73
1982,73
3093,73
1393,73
5397,73
3885,73
2856,73
5264,73
5488,73
3203,73
4052,73
2316,73
447,73
756,73
3255,73
3533,73
4497,73
1881,73
2479,73
4144,73
462,73
2410,73
2093,73
29,73
3118,73
4273,73
3648,73
5952,73
545,73
4288,73
3798,73
1731,73
3001,73
5027,73
759,73
4837,73
4434,73
4440,73
5550,73
2536,73
2624,73
1955,73
1460,73
743,73
2478,73
628,73
707,73
470,73
2949,73
5642,73
116,73
1714,73
3606,73
3060,73
2004,73
2660,73
2608,73
2341,73
5354,73
5783,73
550,73
1895,73
3509,73
2509,73
3010,73
4542,73
776,73
1301,73
1255,73
5953,73
1480,73
4248,73
3341,73
335,73
3554,73
5075,73
19,73
1008,73
2319,73
3578,73
1680,73
825,73
5175,73
2002,73
946,73
499,73
5697,73
2239,73
5100,73
5520,73
4764,73
5575,73
870,73
2981,73
1171,73
5092,73
2569,73
4031,73
130,73
4346,73
1668,73
5382,73
2107,73
4379,73
4334,73
4816,73
5379,73
3945,73
5387,73
4649,73
5023,73
1340,73
749,73
5830,73
2651,73
621,73
233,73
1708,73
3801,73
770,73
5105,73
2939,73
5129,73
1523,73
4209,73
4761,73
1150,73
5286,73
3037,73
5140,73
3165,73
5537,73
5980,73
351,73
5617,73
1963,73
5229,73
170,73
5860,73
377,73
5972,73
5649,73
3604,73
3910,73
1487,73
1737,73
4976,73
5346,73
2718,73
374,73
2875,73
3629,73
504,73
1239,73
1793,73
3924,73
3132,73
4109,73
4099,73
5698,73
5975,73
5631,73
2862,73
64,73
5345,73
4180,73
2751,73
5189,73
2989,73
1273,73
5510,73
2151,73
486,73
4928,73
3940,73
1784,73
4453,73
139,73
1889,73
4262,73
2553,73
5824,73
3672,73
5682,73
1282,73
4469,73
5597,73
2470,73
4524,73
4737,73
5206,73
5365,73
3614,73
72,73
1036,73
3301,73
5567,73
3217,73
108,73
154,73
489,73
2450,73
1463,73
298,73
2793,73
2449,73
3602,73
1191,73
5094,73
5865,73
125,73
3384,73
3624,73
2539,73
1771,73
2013,73
3926,73
2155,73
2894,73
102,73
5247,73
2018,73
4414,73
3679,73
667,73
224,73
4043,73
1264,73
1281,73
4515,73
421,73
5636,73
2057,73
2504,73
1082,73
37,73
1404,73
3373,73
339,73
3378,73
4762,73
2078,73
5,73
2676,73
3254,73
2146,73
5819,73
4600,73
1806,73
5995,73
5778,73
4773,73
1080,73
994,73
4063,73
1224,73
1375,73
4892,73
4091,73
5441,73
5014,73
3961,73
1883,73
3964,73
1997,73
3100,73
2268,73
1897,73
2302,73
1590,73
3342,73
4242,73
1757,73
4,73
3555,73
5771,73
5487,73
1412,73
3505,73
2481,73
1254,73
5657,73
5248,73
4687,73
5066,73
2232,73
3785,73
5383,73
5756,73
5455,73
3884,73
4101,73
4924,73
517,73
2562,73
4961,73
3582,73
2118,73
2983,73
4449,73
5500,73
706,73
716,73
4935,73
5904,73
1246,73
4001,73
3228,73
3134,73
5891,73
1162,73
932,73
2158,73
5167,73
878,73
403,73
1138,73
3508,73
3846,73
1391,73
2861,74
136,74
3256,74
4402,74
4502,74
607,74
550,74
4953,74
3037,74
2122,74
3195,74
563,74
1007,75
5545,75
550,75
3519,76
960,76
3341,76
3134,76
3682,77
1276,77
3847,77
3519,77
2528,77
3256,77
5328,77
5877,77
2387,77
5639,77
180,77
2136,77
960,77
3931,77
1794,77
5669,77
4061,77
550,77
2610,77
753,77
3524,77
1897,77
939,77
563,77
2386,78
698,78
4485,78
1261,78
1591,78
1237,78
607,78
4953,78
3037,78
3282,78
3670,78
960,79
1228,80
5944,80
4257,80
5740,80
3256,80
549,80
3182,80
5127,80
3112,80
2623,80
3962,80
550,80
150,80
2287,80
5711,80
5726,80
1771,80
3861,80
284,80
5428,80
2658,81
1276,81
4146,81
960,81
863,81
5004,81
1636,81
3991,81
3682,82
2421,82
2775,82
4615,82
4622,82
5592,82
4068,83
698,83
605,83
4449,83
3856,84
3576,84
2965,84
1228,84
1002,84
3776,84
5944,84
2958,84
816,84
4556,84
2134,84
4054,84
3389,84
3708,84
1833,84
3029,84
520,84
1318,84
2190,84
4711,84
3252,84
4279,84
4390,84
2156,84
4186,84
3376,84
4901,84
4955,84
4406,84
5539,84
4753,84
5079,84
2749,84
2281,84
1598,84
4229,84
4137,84
2384,84
2363,84
1740,84
5993,84
5076,84
4047,84
2733,84
4999,84
5236,84
3066,84
3537,84
1343,84
5423,84
1481,84
1450,84
2762,84
5065,84
4284,84
53,84
1226,84
5514,84
3224,84
131,84
5515,84
1445,84
4680,84
1176,84
1122,84
4988,84
4173,84
3899,84
1967,84
1414,84
4564,84
931,84
2605,84
2052,84
2133,84
3112,84
3234,84
5571,84
3853,84
1640,84
5277,84
2185,84
3901,84
1971,84
873,84
1825,84
4328,84
4771,84
1790,84
3129,84
137,84
5051,84
3211,84
1834,84
1995,84
5160,84
1237,84
4296,84
4634,84
5301,84
3024,84
4302,84
2505,84
983,84
3065,84
2784,84
5108,84
2907,84
5118,84
211,84
692,84
5100,84
4764,84
3242,84
4442,84
4346,84
930,84
5023,84
5650,84
653,84
5755,84
725,84
4948,84
5805,84
1156,84
4169,84
679,84
2557,84
1746,84
4185,84
59,84
5971,84
4277,84
4903,84
1442,84
2653,84
3489,84
4093,84
1366,84
2862,84
3523,84
1645,84
4537,84
5225,84
2223,84
1754,84
3911,84
3625,84
2601,84
1256,84
1444,84
3946,84
1818,84
5820,84
1771,84
3524,84
1477,84
1404,84
5,84
4720,84
2709,84
1671,84
497,84
904,84
3636,84
284,84
1070,84
3158,84
637,84
808,84
4757,84
1357,84
4449,84
2181,84
4216,84
4452,85
3084,85
1679,85
4701,85
5186,85
3519,85
3704,85
1640,85
960,85
863,85
1399,85
3211,85
1834,85
3597,85
1499,85
4786,85
5550,85
5642,85
3060,85
952,85
5100,85
3282,85
539,85
5150,85
994,85
4076,85
5441,85
284,85
4242,85
3847,86
3256,86
4114,86
3003,86
698,86
1226,86
4485,86
1261,86
5154,86
1237,86
5301,86
550,86
911,86
4953,86
3037,86
2694,86
3282,86
2868,86
4428,86
4230,86
2658,87
4079,87
2308,87
5942,87
5155,87
5644,87
2916,87
5186,87
4603,87
1725,87
1077,87
2870,87
4597,87
5579,87
1115,87
4151,87
1895,87
5175,87
4638,87
870,87
3970,87
4953,87
1963,87
1913,87
3772,87
2869,87
3023,87
5807,87
2574,87
940,87
3847,88
3519,88
1399,88
3211,88
1059,88
550,88
823,88
1080,88
2658,89
871,89
694,89
4062,89
2655,89
2864,89
4706,89
3084,89
3637,89
3351,89
3682,89
4691,89
2652,89
5632,89
4735,89
2455,89
5644,89
2775,89
2347,89
3252,89
4390,89
5267,89
5926,89
2152,89
1896,89
3847,89
3519,89
554,89
2802,89
3007,89
2552,89
5047,89
1991,89
3883,89
185,89
300,89
2768,89
4284,89
4402,89
4860,89
719,89
2422,89
1112,89
4564,89
1045,89
590,89
286,89
1640,89
2185,89
2309,89
2938,89
343,89
2102,89
2005,89
863,89
3129,89
4578,89
1399,89
1059,89
3931,89
1834,89
3024,89
1741,89
5560,89
996,89
550,89
1836,89
2616,89
1480,89
4248,89
5175,89
2981,89
5708,89
605,89
4982,89
2694,89
1957,89
5229,89
3629,89
5053,89
2138,89
4732,89
1510,89
5332,89
402,89
1941,89
5013,89
1806,89
25,89
3195,89
1723,89
129,89
284,89
5762,89
4875,89
5066,89
773,89
4449,89
5428,89
2375,90
5944,90
3098,90
4901,90
1896,90
194,90
1614,90
1834,90
1072,90
3978,90
3954,90
46,90
5890,90
3458,90
3629,90
4372,90
5053,90
1771,90
284,90
2678,90
2375,91
5944,91
5395,91
3438,91
3744,91
3537,91
1557,91
196,91
2052,91
2693,91
74,91
5668,91
1970,91
3305,91
3929,91
2962,91
3629,91
3625,91
702,91
1697,91
4706,92
5944,92
2074,92
5655,92
1891,92
48,92
1991,92
711,92
3537,92
1155,92
4003,92
5127,92
3436,92
4146,92
2325,92
1970,92
5314,92
965,92
4018,92
4431,92
4169,92
2613,92
1636,92
3991,92
1697,92
244,92
2087,93
1928,93
1002,93
3776,93
4676,93
4320,93
1833,93
3125,93
3376,93
1324,93
3519,93
4137,93
1184,93
585,93
918,93
5062,93
3925,93
2758,93
2834,93
726,93
4589,93
4171,93
2643,93
4764,93
3696,93
5418,93
5894,93
199,93
638,93
5975,93
3433,93
386,93
2450,93
958,93
252,93
1771,93
4720,93
3636,93
35,93
5457,93
3139,93
2251,93
2918,93
5583,93
3109,93
1070,93
3642,93
3038,93
2684,93
3925,94
4615,94
396,94
3936,94
718,94
1652,94
1072,94
809,94
1823,94
4542,94
4589,94
4171,94
1352,94
2174,94
977,94
2141,94
268,94
4169,94
5975,94
1495,94
5310,94
1811,94
3266,94
1070,94
1757,94
2655,95
5095,95
5944,95
31,95
5545,95
5644,95
5961,95
974,95
220,95
5303,95
1891,95
711,95
4065,95
3482,95
3256,95
5215,95
1384,95
3886,95
3749,95
4501,95
5067,95
3255,95
1123,95
656,95
470,95
5921,95
4318,95
686,95
5894,95
3629,95
5298,95
1275,95
5285,95
2650,95
5009,95
2462,95
1225,95
3058,95
4194,95
706,95
3780,95
5545,96
1896,96
3323,96
5103,96
656,96
4168,96
2383,96
1707,96
3652,97
2421,97
4020,97
2696,97
4886,97
48,97
3883,97
2499,97
590,97
5759,97
4870,97
863,97
2671,97
735,97
384,97
3656,97
1970,97
2004,97
550,97
3248,97
1636,97
284,97
4875,97
5699,98
4704,98
797,98
3682,98
1215,98
5186,98
4895,98
5062,98
2185,98
2938,98
550,98
5100,98
3248,98
5567,98
276,98
229,98
21,99
1507,99
183,99
155,99
4257,99
4932,99
845,99
3682,99
1453,99
4055,99
1101,99
1388,99
5545,99
2754,99
3092,99
4984,99
2008,99
1461,99
1833,99
1338,99
5265,99
2968,99
2074,99
4820,99
3064,99
5300,99
4955,99
1656,99
4183,99
2889,99
2237,99
220,99
1166,99
1555,99
3519,99
3190,99
4137,99
3137,99
5504,99
4459,99
4590,99
1184,99
4526,99
1379,99
841,99
3035,99
3700,99
3474,99
126,99
1261,99
918,99
3925,99
819,99
2076,99
5579,99
4254,99
1849,99
1572,99
719,99
1221,99
1677,99
5966,99
3579,99
1525,99
3725,99
712,99
1455,99
5869,99
3463,99
5653,99
5571,99
3853,99
2128,99
5744,99
1652,99
863,99
1399,99
3211,99
1004,99
3454,99
3270,99
4872,99
3661,99
1970,99
1013,99
756,99
2811,99
2853,99
2362,99
4786,99
5550,99
2748,99
2536,99
656,99
5377,99
470,99
3060,99
1624,99
1130,99
1823,99
4542,99
3450,99
5118,99
5175,99
2946,99
5400,99
2380,99
5663,99
2439,99
3696,99
2695,99
4908,99
1142,99
4142,99
3898,99
597,99
4580,99
1703,99
2765,99
546,99
3475,99
4575,99
3686,99
1973,99
1092,99
5894,99
4158,99
3368,99
5044,99
5856,99
5996,99
3294,99
697,99
4204,99
2930,99
5292,99
149,99
5358,99
5059,99
5260,99
2110,99
4817,99
3301,99
1475,99
76,99
4732,99
4370,99
1698,99
1601,99
3807,99
2898,99
4900,99
3956,99
1941,99
657,99
3050,99
2504,99
3340,99
3528,99
4327,99
4714,99
4720,99
1110,99
2196,99
1667,99
2040,99
3861,99
511,99
284,99
2757,99
4242,99
4032,99
3794,99
5066,99
3785,99
2118,99
5500,99
2350,99
2460,99
5604,99
6001,101
1002,101
5944,101
1704,101
5419,101
4330,101
4939,101
3885,101
4004,101
994,101
2761,102
1081,102
5191,102
3477,102
2143,102
3133,102
1362,102
2861,102
4690,102
1303,102
4354,102
5981,102
5605,102
2170,102
1777,102
2187,102
1034,102
3474,102
5753,102
2373,102
1445,102
3230,102
269,102
4868,102
2605,102
4074,102
3995,102
2136,102
590,102
286,102
5673,102
3673,102
3972,102
4244,102
5306,102
3813,102
3090,102
1803,102
5880,102
1574,102
2287,102
216,102
2580,102
5906,102
1876,102
3953,102
4561,102
1553,102
4965,102
4304,102
2875,102
3629,102
4652,102
5975,102
650,102
4438,102
125,102
1941,102
5013,102
37,102
5252,102
5778,102
2709,102
284,102
1590,102
4242,102
1757,102
4902,102
5138,102
5334,102
1347,102
3134,102
3519,103
4146,103
960,103
1834,103
3496,103
863,104
1072,104
284,104
2658,105
2837,105
5095,105
4257,105
4664,105
3852,105
3537,105
3531,105
210,105
4465,105
596,105
5596,105
194,105
5639,105
712,105
1389,105
1669,105
4051,105
5548,105
475,105
4302,105
117,105
550,105
4589,105
1931,105
3696,105
1575,105
1296,105
3577,105
1992,105
5821,105
2806,105
5323,105
1125,105
4449,105
3738,105
5942,106
4846,106
599,106
5944,106
4257,106
2819,106
845,106
4382,106
1904,106
4289,106
2908,106
2956,106
4664,106
4186,106
2281,106
54,106
48,106
2884,106
3883,106
1184,106
3537,106
1445,106
2508,106
4330,106
1591,106
719,106
5028,106
2525,106
3749,106
2567,106
712,106
643,106
1389,106
2185,106
4565,106
2005,106
1652,106
3129,106
735,106
3211,106
3312,106
1853,106
5622,106
5354,106
1823,106
2262,106
2643,106
5100,106
4764,106
3696,106
3720,106
1491,106
2888,106
2670,106
1564,106
4169,106
5229,106
4154,106
3286,106
3833,106
2435,106
3910,106
1192,106
5053,106
3294,106
4621,106
3277,106
4004,106
1586,106
5895,106
1771,106
3106,106
191,106
2504,106
4714,106
284,106
1070,106
2644,106
3299,106
1863,106
1007,107
4079,107
2965,107
1002,107
5944,107
1338,107
2861,107
1166,107
3211,107
1970,107
1630,107
952,107
3629,107
1636,107
5395,108
3435,108
5100,108
4449,108
5581,109
2375,109
6001,109
1496,109
3652,109
5531,109
2008,109
5376,109
3587,109
2721,109
4820,109
3680,109
4612,109
3252,109
5159,109
2802,109
3537,109
4781,109
5745,109
549,109
3585,109
3826,109
3335,109
1389,109
2005,109
4905,109
2807,109
293,109
3978,109
5799,109
963,109
5100,109
3696,109
1686,109
1191,109
1225,109
1771,109
1080,109
284,109
942,109
5944,110
495,110
4764,110
2375,111
4706,111
3084,111
5942,111
4846,111
5944,111
3682,111
5395,111
1338,111
2861,111
220,111
1891,111
54,111
1159,111
711,111
3537,111
1155,111
4003,111
5515,111
5127,111
857,111
4274,111
1167,111
5979,111
3551,111
863,111
5051,111
3211,111
384,111
1834,111
1072,111
1970,111
1103,111
1123,111
2126,111
965,111
4764,111
3696,111
3496,111
4431,111
4953,111
3037,111
109,111
4169,111
2613,111
5053,111
4474,111
4181,111
1941,111
1636,111
284,111
308,111
706,111
2658,112
623,112
4731,112
21,113
6001,113
2965,113
797,113
5944,113
4257,113
845,113
4701,113
2421,113
5840,113
641,113
1625,113
1461,113
5231,113
1338,113
5683,113
4820,113
3098,113
4603,113
2990,113
3252,113
4279,113
4390,113
4201,113
441,113
2029,113
2889,113
1555,113
659,113
4229,113
3847,113
5076,113
2802,113
2169,113
5637,113
3537,113
2182,113
5590,113
3572,113
3256,113
3703,113
53,113
1445,113
4330,113
1038,113
3154,113
4979,113
1640,113
2185,113
1825,113
1501,113
863,113
364,113
2623,113
1399,113
4178,113
2671,113
4087,113
5051,113
3211,113
1059,113
1834,113
593,113
1237,113
2535,113
1741,113
4144,113
5873,113
1103,113
4271,113
5872,113
5642,113
2773,113
3060,113
2004,113
3775,113
3627,113
1193,113
4638,113
952,113
3696,113
2695,113
3496,113
4334,113
2649,113
5140,113
5229,113
5493,113
166,113
4487,113
3174,113
3629,113
4496,113
328,113
4237,113
5206,113
1143,113
252,113
1941,113
2504,113
5746,113
3378,113
1636,113
3762,113
25,113
2709,113
1080,113
994,113
3861,113
129,113
5441,113
2191,113
284,113
1351,113
4744,113
2863,113
1128,113
3486,113
3247,113
535,113
2678,113
308,113
680,113
4449,113
939,113
4216,113
3244,114
2965,114
4452,114
3776,114
4257,114
4021,114
2775,114
3098,114
3252,114
2245,114
3376,114
465,114
1884,114
3639,114
54,114
585,114
1089,114
4525,114
4530,114
3215,114
1760,114
2185,114
505,114
4660,114
1859,114
2623,114
4017,114
1072,114
206,114
1611,114
4549,114
5125,114
3026,114
3057,114
4144,114
3978,114
1630,114
5928,114
4269,114
531,114
4255,114
5100,114
4442,114
1147,114
1142,114
4209,114
4039,114
5229,114
5493,114
5660,114
3286,114
3291,114
2875,114
4496,114
3567,114
4737,114
298,114
5895,114
1771,114
2883,114
2876,114
5746,114
284,114
2549,114
1347,114
3145,114
616,115
5970,115
5661,115
2375,115
2965,115
4970,115
3682,115
2861,115
2398,115
3252,115
1884,115
5221,115
4229,115
5279,115
2229,115
2779,115
4709,115
3256,115
5555,115
3925,115
4979,115
2172,115
5330,115
5869,115
2817,115
2185,115
3129,115
1834,115
3980,115
2341,115
495,115
5491,115
3941,115
1193,115
5521,115
2037,115
5229,115
1274,115
3629,115
3248,115
3567,115
1826,115
3301,115
2883,115
2876,115
3762,115
994,115
284,115
2864,116
2819,116
5545,116
5395,116
1235,116
3064,116
1987,116
2674,116
2662,116
220,116
5303,116
711,116
5380,116
2967,116
158,116
5759,116
4177,116
2325,116
4501,116
325,116
2511,116
5067,116
3211,116
1072,116
3661,116
3192,116
2950,116
656,116
3090,116
5642,116
5859,116
3564,116
109,116
1973,116
5894,116
647,116
1595,116
4554,116
3733,116
4168,116
1225,116
2612,116
2504,116
1528,116
4449,116
2864,117
3084,117
3903,117
2066,117
220,117
1891,117
1159,117
711,117
4065,117
4465,117
3886,117
5093,117
4143,117
5692,117
4731,117
4431,117
612,117
2793,117
2583,117
2248,117
2947,117
244,117
2766,117
4062,118
6001,118
4202,118
4079,118
3084,118
3776,118
5944,118
845,118
5545,118
2943,118
5032,118
5395,118
3072,118
1338,118
2861,118
2398,118
5586,118
2069,118
5047,118
1184,118
3537,118
362,118
3256,118
918,118
5062,118
2525,118
3112,118
718,118
2173,118
5051,118
3211,118
3656,118
1834,118
2834,118
2811,118
3978,118
3118,118
1135,118
4786,118
693,118
983,118
5550,118
656,118
1823,118
5540,118
2770,118
4543,118
3696,118
508,118
4334,118
3747,118
4169,118
4154,118
2962,118
3286,118
5971,118
5894,118
3629,118
2338,118
5310,118
334,118
3350,118
1771,118
2504,118
3753,118
129,118
1776,118
284,118
3109,118
1070,118
1757,118
2644,118
3997,118
3125,119
1324,119
4229,119
1834,119
2449,119
5315,119
252,119
284,119
35,119
5457,119
3139,119
2251,119
2918,119
5583,119
5944,120
4257,120
4450,120
5545,120
5531,120
5645,120
3110,120
4024,120
1235,120
3668,120
4407,120
2861,120
5159,120
3797,120
54,120
3557,120
3883,120
1184,120
699,120
5017,120
918,120
4254,120
4680,120
2605,120
1045,120
1640,120
863,120
2671,120
3211,120
1059,120
1834,120
1025,120
3962,120
3118,120
1803,120
550,120
1033,120
5175,120
952,120
2695,120
4169,120
1737,120
2858,120
3863,120
120,120
1702,120
1191,120
1941,120
1771,120
3212,120
3524,120
2122,120
284,120
1070,120
5644,121
1261,121
3696,121
4169,121
5141,122
4257,122
4984,122
53,122
1961,122
1167,122
2166,122
2426,122
4731,122
4431,122
3150,122
1636,122
5630,122
5020,123
4964,123
2552,124
1072,124
2738,125
441,125
2029,125
2511,125
3211,125
4169,125
4168,125
4257,126
5644,126
711,126
1038,126
5127,126
4525,126
4146,126
2693,126
1072,126
1970,126
4144,126
5314,126
3625,126
543,126
284,126
1697,126
3582,126
706,126
3256,127
1072,127
5853,127
4634,127
3037,127
799,127
3084,128
1679,128
5944,128
1952,128
3652,128
1235,128
5186,128
5524,128
2861,128
3252,128
4279,128
3376,128
1380,128
1164,128
4702,128
5076,128
2802,128
2229,128
3537,128
1344,128
2585,128
2164,128
5590,128
5423,128
5007,128
1445,128
5123,128
5579,128
4138,128
2292,128
5978,128
4997,128
2758,128
5869,128
3112,128
2185,128
3901,128
4686,128
3936,128
1825,128
4771,128
1399,128
5306,128
5051,128
3211,128
1834,128
1995,128
927,128
676,128
4717,128
5707,128
5301,128
2748,128
2536,128
3060,128
2004,128
3627,128
952,128
5100,128
4334,128
1156,128
4953,128
3037,128
5229,128
5493,128
2875,128
1274,128
3629,128
3248,128
2601,128
3091,128
1811,128
5171,128
4455,128
1941,128
1771,128
2504,128
3373,128
5778,128
276,128
765,128
5036,128
129,128
5441,128
284,128
1908,128
5500,128
4858,128
563,128
2965,129
1002,129
5944,129
3682,129
3708,129
1904,129
4362,129
3098,129
3994,129
5186,129
1360,129
5524,129
205,129
2861,129
3252,129
2229,129
5309,129
3537,129
4284,129
196,129
1389,129
1640,129
1825,129
1970,129
952,129
5100,129
3318,129
5229,129
2875,129
1256,129
298,129
3946,129
562,129
2709,129
3459,129
4449,129
1219,129
2375,130
6001,130
2965,130
3084,130
5048,130
3110,130
4024,130
2073,130
2889,130
220,130
1166,130
1555,130
1891,130
3256,130
1189,130
1089,130
960,130
1399,130
3656,130
1072,130
4144,130
1853,130
5599,130
1103,130
656,130
5859,130
3496,130
4169,130
4900,130
1941,130
4297,130
5441,130
5768,130
3084,131
4846,131
618,131
5303,131
1072,131
2551,132
726,132
1823,132
3625,132
3779,132
1070,132
3161,133
3256,133
5668,133
726,133
5100,133
3696,133
3625,133
4250,133
1070,133
2375,134
2599,134
1408,134
5944,134
1449,134
4257,134
1251,134
4568,134
3718,134
4790,134
1704,134
4137,134
3537,134
1926,134
4615,134
4173,134
5869,134
2123,134
1895,134
4542,134
4764,134
830,134
5972,134
4185,134
2997,134
5053,134
5218,134
970,134
4202,136
3776,136
5944,136
4320,136
2846,136
1904,136
3519,136
4137,136
5419,136
4284,136
918,136
4330,136
1652,136
1834,136
1072,136
4046,136
5175,136
3696,136
5418,136
2939,136
4953,136
3318,136
1564,136
3286,136
638,136
1771,136
5441,136
1070,136
3459,136
4706,137
3084,137
1002,137
5740,137
1184,137
4615,137
4939,137
284,137
5965,138
2543,138
3903,138
4844,138
5644,138
5683,138
3344,138
903,138
4315,138
399,138
792,138
618,138
5654,138
1847,138
5267,138
5728,138
220,138
4993,138
5303,138
5416,138
1891,138
4698,138
1665,138
659,138
4210,138
1159,138
711,138
4065,138
5590,138
1168,138
1557,138
1612,138
1445,138
5579,138
3886,138
3227,138
2740,138
4058,138
689,138
467,138
2831,138
4868,138
2292,138
5842,138
424,138
857,138
2039,138
1525,138
853,138
3002,138
1098,138
62,138
5112,138
2309,138
5110,138
2325,138
5979,138
4501,138
1774,138
1041,138
675,138
5295,138
3328,138
4002,138
4786,138
5550,138
5377,138
1193,138
310,138
5859,138
568,138
2981,138
5906,138
3305,138
4731,138
4431,138
4169,138
2613,138
5918,138
5996,138
265,138
2353,138
1826,138
1595,138
5393,138
4168,138
1225,138
5943,138
448,138
370,138
5490,138
1129,138
4900,138
3770,138
4627,138
1504,138
2687,138
2680,138
4706,139
797,139
3652,139
5032,139
2775,139
3252,139
3713,139
5076,139
3704,139
3537,139
698,139
3182,139
5579,139
1923,139
718,139
1825,139
3129,139
3559,139
3211,139
3278,139
1834,139
1995,139
4296,139
3060,139
1193,139
4953,139
3037,139
2888,139
5421,139
5244,139
3527,139
1771,139
2612,139
2504,139
4160,139
563,139
2840,140
5944,140
1833,140
4137,140
4526,140
1749,140
719,140
712,140
5622,140
5175,140
2358,140
4764,140
3696,140
260,140
3294,140
1811,140
3490,140
448,140
4714,140
4720,140
994,140
1994,141
2375,141
3682,141
860,141
2421,141
2984,141
3691,141
2169,141
3537,141
3531,141
698,141
4485,141
4402,141
5767,141
796,141
2693,141
1825,141
3211,141
1059,141
1834,141
5160,141
1794,141
3663,141
5669,141
2807,141
5787,141
4819,141
550,141
2643,141
952,141
3400,141
5459,141
1575,141
1055,141
4953,141
3037,141
3286,141
2735,141
3629,141
700,141
1143,141
4778,141
3527,141
1941,141
2146,141
994,141
284,141
1813,141
1863,141
5428,141
673,141
3447,141
878,141
2123,142
4171,142
4764,142
5971,142
2375,143
3993,143
5944,143
31,143
5279,143
4359,143
3537,143
3256,143
1652,143
960,143
863,143
1072,143
3978,143
1714,143
23,143
5521,143
5493,143
5441,143
2234,144
5951,144
2277,144
1251,144
4568,144
4229,144
3700,144
3925,144
4254,144
2567,144
2605,144
4686,144
718,144
1834,144
5669,144
2479,144
3060,144
1536,144
1340,144
1963,144
1209,144
934,144
4428,144
1771,144
5441,144
284,144
3109,144
1070,144
2699,144
3070,144
5024,144
1269,144
5500,144
3436,145
726,145
2481,145
1538,146
2658,146
871,146
4062,146
2954,146
902,146
66,146
3576,146
4317,146
997,146
2596,146
2965,146
5944,146
4257,146
4450,146
2097,146
3682,146
3992,146
5713,146
1100,146
4691,146
5304,146
800,146
2421,146
31,146
4447,146
3092,146
4824,146
3110,146
5727,146
128,146
4362,146
1718,146
1338,146
5513,146
4421,146
3587,146
2727,146
2775,146
3434,146
2550,146
4711,146
3360,146
2861,146
4373,146
3252,146
5026,146
604,146
5300,146
4941,146
38,146
1330,146
57,146
14,146
1251,146
5926,146
5932,146
1704,146
3449,146
1896,146
1764,146
4229,146
3519,146
4137,146
5071,146
4702,146
5993,146
48,146
3007,146
2884,146
4100,146
2779,146
4709,146
5047,146
3883,146
2042,146
5848,146
2342,146
5245,146
2561,146
185,146
527,146
2733,146
4794,146
413,146
2049,146
3061,146
2698,146
4103,146
4780,146
2014,146
1466,146
3700,146
5065,146
3955,146
529,146
4726,146
1226,146
2024,146
2682,146
3925,146
1187,146
4402,146
3329,146
1197,146
6,146
381,146
1112,146
4988,146
635,146
3717,146
5913,146
2728,146
1980,146
5956,146
4358,146
4997,146
4814,146
2567,146
3689,146
3986,146
3302,146
931,146
4300,146
479,146
3407,146
2605,146
2937,146
4862,146
2133,146
1969,146
1045,146
2136,146
590,146
4870,146
5592,146
1640,146
2185,146
672,146
343,146
2123,146
4326,146
5139,146
960,146
863,146
3129,146
3559,146
2671,146
735,146
5051,146
3211,146
349,146
3278,146
3656,146
1834,146
3229,146
1203,146
827,146
675,146
1970,146
1025,146
2639,146
2850,146
3597,146
1741,146
3962,146
5319,146
1103,146
1533,146
1135,146
5415,146
3239,146
49,146
3870,146
52,146
2773,146
3060,146
4635,146
3461,146
550,146
3623,146
4248,146
4532,146
1349,146
5175,146
1694,146
882,146
732,146
5521,146
5921,146
226,146
2695,146
3943,146
5774,146
2149,146
3932,146
4232,146
1142,146
3549,146
1989,146
4346,146
908,146
2656,146
5536,146
1662,146
5543,146
4120,146
5900,146
5650,146
653,146
5486,146
5805,146
4953,146
2694,146
4458,146
1003,146
1545,146
5577,146
2503,146
1963,146
5229,146
4367,146
1913,146
1487,146
3674,146
5481,146
3629,146
401,146
3423,146
344,146
2924,146
120,146
580,146
4191,146
3687,146
1903,146
1687,146
3130,146
969,146
5234,146
1717,146
1787,146
4584,146
78,146
3277,146
3354,146
4599,146
4198,146
5312,146
5332,146
5171,146
5851,146
1941,146
1771,146
3212,146
562,146
5843,146
5013,146
4779,146
2971,146
3373,146
3378,146
2424,146
2976,146
391,146
2122,146
20,146
25,146
1667,146
3753,146
5014,146
71,146
3876,146
3362,146
3983,146
284,146
4875,146
3158,146
1014,146
551,146
89,146
2672,146
2724,146
4449,146
5500,146
730,146
3641,146
5375,146
5757,146
4128,147
3637,147
3351,147
3682,147
4691,147
2809,147
5114,147
5395,147
2455,147
4362,147
1338,147
2775,147
1918,147
783,147
5680,147
5926,147
1896,147
554,147
4709,147
5047,147
1991,147
3537,147
585,147
4284,147
3256,147
5992,147
995,147
1591,147
1112,147
1527,147
4222,147
3749,147
4564,147
931,147
2605,147
1045,147
5869,147
3422,147
2046,147
2185,147
2938,147
343,147
3901,147
960,147
3129,147
4578,147
1399,147
5463,147
1834,147
1072,147
980,147
1970,147
1741,147
3648,147
2004,147
550,147
5175,147
3941,147
952,147
5100,147
4764,147
870,147
1878,147
605,147
2694,147
4169,147
5493,147
666,147
2138,147
298,147
3210,147
4981,147
3363,147
1941,147
5013,147
25,147
823,147
994,147
129,147
5441,147
284,147
2877,147
1757,147
4875,147
773,147
89,147
4449,147
5944,148
5395,148
5944,149
5644,149
1378,149
3252,149
2802,149
5869,149
3211,149
3696,149
5692,149
638,149
393,149
129,149
284,149
1757,149
3682,150
5759,150
4870,150
5592,150
4953,150
1015,150
2375,151
1970,151
3486,151
3247,151
2375,152
6001,152
2965,152
5944,152
3682,152
5048,152
4380,152
5594,152
3252,152
1380,152
3028,152
3488,152
2394,152
5182,152
2250,152
1926,152
1591,152
1072,152
5301,152
980,152
3978,152
3090,152
5622,152
5175,152
5100,152
1963,152
5493,152
5971,152
3248,152
3301,152
1771,152
994,152
4076,152
4063,152
3315,152
4577,152
4388,152
3459,152
4233,152
4449,152
314,153
3993,153
4202,153
4846,153
599,153
3776,153
5944,153
845,153
3682,153
4701,153
31,153
4320,153
3257,153
5002,153
4186,153
606,153
5249,153
4790,153
2442,153
1704,153
3519,153
4137,153
3018,153
4047,153
4594,153
2213,153
2185,153
3211,153
1059,153
3656,153
980,153
3978,153
3962,153
1199,153
23,153
3720,153
3466,153
5120,153
1491,153
3629,153
5053,153
1691,153
298,153
3667,153
1771,153
345,153
2504,153
1636,153
994,153
276,153
5435,153
5441,153
284,153
5500,153
4452,154
5944,154
3682,154
4612,154
3252,154
4279,154
4390,154
250,154
3713,154
1434,154
2802,154
2169,154
652,154
126,154
918,154
863,154
1399,154
735,154
3211,154
384,154
2900,154
1834,154
675,154
1193,154
5890,154
4169,154
5493,154
284,154
3764,154
6001,155
314,155
4317,155
5944,155
2444,155
4777,155
5197,155
2556,155
2394,155
4749,155
3537,155
1926,155
194,155
1045,155
2625,155
1117,155
4486,155
495,155
4558,155
952,155
5890,155
3458,155
2037,155
2396,155
3301,155
5013,155
994,155
4503,155
2328,155
3682,156
1461,156
2861,156
4494,156
3703,156
5062,156
2972,156
5082,156
2185,156
863,156
1072,156
5397,156
4334,156
3524,156
25,156
2965,157
4452,157
797,157
3252,157
2245,157
465,157
1166,157
1704,157
862,157
342,157
5127,157
4241,157
3198,157
2758,157
1760,157
33,157
505,157
1834,157
4017,157
1072,157
206,157
4549,157
5125,157
4144,157
3978,157
5175,157
5100,157
870,157
1142,157
2685,157
3291,157
2435,157
3629,157
1259,157
3683,157
3145,157
3252,158
2245,158
465,158
1884,158
1704,158
5401,158
1763,158
862,158
342,158
5127,158
1980,158
2758,158
2185,158
1072,158
206,158
1611,158
5125,158
4144,158
3978,158
5928,158
531,158
4255,158
5100,158
4496,158
284,158
5768,158
797,159
5944,159
4257,159
4701,159
1439,159
1380,159
5586,159
4895,159
3519,159
3537,159
698,159
4786,159
5550,159
5859,159
2875,159
2440,159
298,159
4503,159
4722,160
3902,160
952,160
98,160
2470,160
702,160
2837,161
4257,161
2895,161
4824,161
5594,161
3668,161
3133,161
5876,161
2156,161
606,161
805,161
5217,161
3474,161
2527,161
3703,161
3112,161
1389,161
3972,161
2123,161
3225,161
863,161
5306,161
3813,161
384,161
3525,161
756,161
5938,161
1851,161
870,161
4694,161
4877,161
2396,161
3765,161
1737,161
2858,161
5345,161
3248,161
3524,161
5013,161
2504,161
5888,161
284,161
1590,161
3935,161
4945,161
1418,161
5449,161
4449,161
2143,162
5926,162
5301,162
2926,162
1590,162
4449,162
314,163
3652,163
5048,163
4790,163
1704,163
5419,163
4802,163
1445,163
439,163
3709,163
994,163
4128,164
3682,164
1493,164
4790,164
2394,164
2507,164
1226,164
1445,164
1614,164
2172,164
5592,164
1290,164
384,164
3954,164
46,164
3458,164
4428,164
3301,164
1771,164
25,164
994,164
1378,165
3256,165
3329,165
1825,165
5301,165
1421,165
5100,165
4158,165
2353,165
4838,165
3524,165
5013,165
994,165
1667,165
4744,165
1357,165
2983,165
5944,166
4257,166
1439,166
3376,166
220,166
2884,166
231,166
2213,166
2623,166
4017,166
1072,166
206,166
5281,166
4144,166
3978,166
4269,166
4255,166
2568,166
3932,166
1142,166
4209,166
2685,166
5660,166
3286,166
666,166
4394,166
298,166
2793,166
1347,166
2965,167
3252,167
1917,167
4229,167
4530,167
1760,167
4478,167
735,167
1834,167
3189,167
1072,167
3597,167
4144,167
4255,167
5100,167
3943,167
5774,167
1963,167
3567,167
2450,167
298,167
2549,167
616,168
2786,168
2965,168
797,168
5944,168
4257,168
3612,168
3652,168
5155,168
2421,168
1596,168
31,168
2111,168
3252,168
4279,168
4390,168
1917,168
1656,168
1166,168
4229,168
5279,168
976,168
126,168
5062,168
3302,168
2938,168
1167,168
1825,168
863,168
5067,168
1834,168
2795,168
436,168
3317,168
2004,168
825,168
952,168
5100,168
4829,168
2695,168
4334,168
1156,168
4953,168
1963,168
5493,168
3629,168
3301,168
298,168
5820,168
1941,168
1771,168
2504,168
5441,168
284,168
794,168
3247,168
3794,168
1357,168
4449,168
5095,169
3389,169
4425,169
4137,169
4843,169
1417,169
3749,169
2095,169
2120,169
2875,169
1392,169
2318,169
3522,170
1555,170
5651,170
2938,170
2395,170
4216,170
2658,171
66,171
183,171
2221,171
2965,171
4257,171
3682,171
4820,171
2861,171
3522,171
1555,171
1896,171
4229,171
3323,171
585,171
3749,171
863,171
1399,171
4178,171
2671,171
3211,171
1530,171
4454,171
3656,171
1834,171
4144,171
3054,171
2004,171
4487,171
3395,171
4728,171
4563,171
1028,171
2504,171
1636,171
284,171
4744,171
5248,171
4449,171
2658,172
4062,172
5600,172
2655,172
791,172
1948,172
2502,172
2965,172
3084,172
4782,172
797,172
4257,172
3652,172
2890,172
648,172
5632,172
4735,172
4588,172
1258,172
1368,172
3989,172
1338,172
3339,172
850,172
2176,172
3047,172
4113,172
2861,172
4066,172
1635,172
2880,172
1821,172
5197,172
3327,172
1493,172
3631,172
1512,172
4201,172
465,172
1181,172
4913,172
3691,172
1397,172
5982,172
1555,172
1896,172
4229,172
3847,172
4807,172
2661,172
5076,172
2780,172
2802,172
4802,172
4995,172
1927,172
185,172
4966,172
3700,172
698,172
5062,172
5877,172
4783,172
3721,172
3006,172
1572,172
4979,172
1112,172
34,172
2728,172
3507,172
5815,172
2525,172
2541,172
1137,172
5785,172
4505,172
1065,172
5759,172
1822,172
5592,172
5210,172
3673,172
5633,172
505,172
863,172
137,172
3399,172
1399,172
735,172
3211,172
1059,172
2464,172
2900,172
3518,172
1834,172
445,172
1995,172
1203,172
1083,172
2457,172
3647,172
4710,172
1741,172
746,172
678,172
1666,172
5620,172
1377,172
5642,172
4147,172
1978,172
4819,172
2773,172
2004,172
550,172
5491,172
4468,172
4681,172
3044,172
1711,172
1147,172
5448,172
2425,172
5558,172
4803,172
1963,172
2034,172
122,172
3796,172
2198,172
1274,172
3629,172
724,172
5766,172
5037,172
1239,172
5359,172
4075,172
225,172
4112,172
5643,172
3577,172
647,172
2989,172
4469,172
2353,172
3210,172
5315,172
1820,172
4693,172
1771,172
2931,172
2932,172
1028,172
591,172
5746,172
4852,172
459,172
2566,172
129,172
3636,172
284,172
2814,172
1351,172
4744,172
2016,172
2915,172
3505,172
4482,172
5248,172
4388,172
2680,172
4449,172
3033,173
5850,173
4974,173
3852,173
4425,173
1555,173
1751,173
2164,173
3755,173
1445,173
1857,173
5123,173
5549,173
4294,173
3230,173
4843,173
4637,173
4631,173
738,173
4037,173
5595,173
703,173
4647,173
1836,173
4542,173
4383,173
5100,173
5176,173
1968,173
393,173
4891,173
2259,173
5142,173
4659,173
4456,173
994,173
5323,173
4947,173
2318,173
5066,173
4271,174
845,175
3836,175
2652,175
31,175
5645,175
1461,175
4266,175
2861,175
3252,175
3965,175
3488,175
1704,175
2802,175
2528,175
3018,175
2884,175
3883,175
3142,175
4722,175
527,175
698,175
3703,175
3182,175
1337,175
1363,175
4997,175
2758,175
2213,175
617,175
2800,175
2055,175
960,175
1072,175
2795,175
4144,175
3978,175
5415,175
470,175
3919,175
4542,175
4255,175
5175,175
5921,175
3860,175
226,175
2695,175
3943,175
4232,175
1142,175
898,175
2847,175
4169,175
1963,175
5229,175
4154,175
2104,175
2875,175
957,175
3687,175
1717,175
3301,175
298,175
1586,175
3091,175
4443,175
4198,175
5533,175
1941,175
1771,175
2883,175
5746,175
25,175
5441,175
284,175
1863,175
1347,175
4700,176
3256,176
719,176
2643,176
432,176
990,176
896,176
1276,177
48,177
1261,177
1938,177
3037,177
4169,177
4128,178
21,178
314,178
2840,178
5944,178
4257,178
236,178
3682,178
4632,178
4824,178
2195,178
3110,178
1461,178
4289,178
520,178
3252,178
5197,178
2073,178
186,178
606,178
220,178
1166,178
4790,178
2442,178
1704,178
3600,178
2152,178
1896,178
4137,178
5294,178
5279,178
3007,178
976,178
2494,178
4590,178
698,178
3703,178
1226,178
4485,178
862,178
1445,178
5123,178
4843,178
3329,178
4307,178
1112,178
643,178
3112,178
1290,178
5139,178
1310,178
4578,178
1859,178
1834,178
675,178
415,178
1025,178
2639,178
4412,178
721,178
3830,178
5799,178
5911,178
2602,178
3095,178
3424,178
2773,178
5175,178
4829,178
4764,178
4142,178
4120,178
2827,178
3037,178
4756,178
3187,178
2875,178
5053,178
4191,178
2138,178
1717,178
1787,178
5244,178
3277,178
4599,178
177,178
4198,178
1247,178
448,178
1771,178
3524,178
5013,178
1028,178
2976,178
994,178
1667,178
276,178
4378,178
1272,178
3394,178
2672,178
4449,178
5500,178
2995,178
3682,179
4612,179
3252,179
3713,179
4229,179
5047,179
1991,179
4047,179
1193,179
276,179
27,180
4418,180
3252,180
5271,180
3847,180
3007,180
4465,180
1651,180
2301,180
2292,180
5350,180
5238,180
863,180
1072,180
4950,180
550,180
4248,180
4890,180
144,180
5346,180
5004,180
149,180
313,180
519,180
476,180
5641,180
4826,180
1138,180
3740,180
1675,181
3387,181
996,181
692,181
2065,181
2138,181
3438,182
4425,182
2742,182
4843,182
5274,182
5785,182
2618,182
3673,182
5546,182
5633,182
738,182
775,182
990,182
2146,182
5323,182
2318,182
3576,183
2234,183
3391,183
824,183
4559,183
4668,183
3163,183
3257,183
3477,183
1205,183
4286,183
5492,183
385,183
5850,183
12,183
5390,183
1385,183
2742,183
1555,183
5664,183
3175,183
4137,183
2715,183
1843,183
4593,183
3710,183
1516,183
357,183
5470,183
1305,183
3537,183
3531,183
585,183
4768,183
3062,183
279,183
4179,183
210,183
5817,183
4025,183
4776,183
1857,183
5549,183
3230,183
4843,183
1384,183
4465,183
2313,183
2657,183
4881,183
4631,183
5290,183
3387,183
194,183
5639,183
4661,183
5274,183
1447,183
248,183
5785,183
928,183
1669,183
4051,183
5898,183
3219,183
1652,183
738,183
5548,183
4784,183
3416,183
5326,183
85,183
5553,183
2587,183
726,183
29,183
3648,183
577,183
2545,183
743,183
5377,183
3606,183
2773,183
5595,183
5884,183
703,183
1752,183
2370,183
1931,183
732,183
2095,183
144,183
5379,183
5190,183
5176,183
569,183
1575,183
4159,183
1968,183
2875,183
1733,183
5298,183
5698,183
3171,183
3068,183
3577,183
5616,183
5996,183
2353,183
4891,183
912,183
990,183
2259,183
4432,183
1392,183
76,183
5142,183
4470,183
5672,183
313,183
3356,183
831,183
3490,183
448,183
3058,183
4729,183
4659,183
2934,183
5821,183
3430,183
4746,183
2806,183
4219,183
464,183
737,183
358,183
5619,183
5323,183
4063,183
761,183
1792,183
2318,183
5625,183
4795,183
1830,183
1125,183
2913,183
1113,183
1068,183
2404,183
3740,183
2328,183
4953,184
1991,185
711,185
4065,185
4501,185
4143,185
41,185
3466,185
2852,185
2613,185
4243,185
4477,185
1321,185
2544,186
2308,186
3338,186
1940,186
5683,186
3029,186
3438,186
2074,186
2241,186
5303,186
1012,186
1348,186
5392,186
1159,186
5287,186
2682,186
1936,186
689,186
467,186
253,186
423,186
5812,186
1097,186
3749,186
5112,186
4501,186
1072,186
4260,186
5585,186
361,186
550,186
326,186
4543,186
2981,186
1141,186
3271,186
2580,186
5906,186
2496,186
5543,186
930,186
1829,186
4169,186
1457,186
5871,186
4546,186
4831,186
5425,186
2110,186
4413,186
2138,186
1541,186
1225,186
2012,186
2331,186
869,186
4043,186
2860,186
4626,186
1636,186
3991,186
2207,186
1840,186
1419,186
2083,186
270,186
1616,186
4404,186
4214,186
5974,187
698,187
4485,187
1071,187
194,187
2185,187
4428,187
5428,187
828,189
5760,189
183,191
3084,191
3682,191
5683,191
2139,191
1166,191
1891,191
3519,191
1769,191
5392,191
5287,191
1445,191
3230,191
269,191
945,191
2292,191
3040,191
4842,191
1097,191
3749,191
2511,191
960,191
1834,191
4226,191
5642,191
550,191
2358,191
5859,191
4890,191
2981,191
4169,191
1963,191
3629,191
4546,191
5260,191
1256,191
1225,191
2012,191
1941,191
2196,191
984,191
698,193
1226,193
1261,193
3496,193
3282,193
4428,193
3195,193
4062,194
2375,194
4706,194
3084,194
2990,194
3008,194
5047,194
674,194
5476,194
5062,194
2499,194
5532,194
3302,194
2605,194
5082,194
590,194
5592,194
3723,194
3901,194
2734,194
1399,194
4178,194
3656,194
1423,194
2996,194
2344,194
4248,194
4638,194
3187,194
3535,194
1274,194
1636,194
5819,194
284,194
1897,194
3576,195
2936,195
2846,195
441,195
4095,195
2297,195
1991,195
1122,195
4673,195
5502,195
4159,195
3462,195
5137,195
1247,195
669,195
3816,195
5788,195
4979,196
4199,196
3627,196
3395,196
3495,196
129,196
5441,196
2658,197
4846,197
845,197
3682,197
4466,197
3246,197
2982,197
1118,197
2266,197
5683,197
5725,197
1642,197
2321,197
2674,197
5655,197
5846,197
4285,197
4498,197
2622,197
2533,197
529,197
3918,197
4465,197
5579,197
3886,197
2345,197
1766,197
5290,197
1221,197
3406,197
2758,197
423,197
4274,197
1048,197
3463,197
4167,197
1041,197
2955,197
763,197
1022,197
5987,197
2189,197
5377,197
4184,197
3511,197
5859,197
568,197
623,197
4731,197
789,197
3727,197
5126,197
5577,197
4169,197
1074,197
1733,197
612,197
4413,197
3258,197
2041,197
2793,197
1448,197
5285,197
5393,197
2506,197
2650,197
4423,197
3521,197
2012,197
204,197
3377,197
3952,197
5789,197
909,197
994,197
4194,197
535,197
637,197
1830,197
3459,197
4233,197
4992,197
1179,198
2662,198
3153,198
612,198
5020,199
4169,199
4405,199
1240,199
612,199
5789,199
1119,199
579,200
2347,200
828,200
941,200
5290,200
3153,200
779,200
1040,201
590,201
1059,201
3597,201
3775,201
730,201
2309,202
4501,202
2414,203
5600,203
5207,203
32,203
2419,203
4257,203
4145,203
845,203
3682,203
3849,203
3110,203
3880,203
903,203
2514,203
2745,203
5279,203
5465,203
48,203
3007,203
2884,203
416,203
1280,203
4042,203
3289,203
1417,203
5989,203
5882,203
960,203
5397,203
1609,203
4144,203
3978,203
983,203
4148,203
470,203
2369,203
1895,203
3783,203
5175,203
952,203
5100,203
281,203
2695,203
3943,203
5774,203
3932,203
3787,203
5229,203
8,203
3248,203
3249,203
4584,203
1992,203
4448,203
994,203
5625,203
4452,204
797,204
5944,204
4932,204
3888,204
3652,204
5395,204
5231,204
1338,204
2347,204
4313,204
4820,204
903,204
792,204
618,204
3252,204
220,204
1166,204
5303,204
1665,204
5012,204
2802,204
4065,204
3537,204
5579,204
1038,204
4868,204
1221,204
1525,204
4274,204
1640,204
5794,204
4501,204
3129,204
1399,204
5051,204
3211,204
1059,204
1834,204
206,204
2683,204
1970,204
3978,204
4786,204
5550,204
1851,204
2748,204
2536,204
1819,204
5377,204
5622,204
3054,204
3615,204
1193,204
2358,204
952,204
3905,204
4731,204
789,204
2469,204
4431,204
109,204
5971,204
3686,204
3910,204
4028,204
4016,204
2038,204
1274,204
3629,204
504,204
5975,204
799,204
1854,204
1448,204
3524,204
5751,204
1636,204
3991,204
4720,204
3195,204
284,204
4744,204
3486,204
3247,204
5138,204
706,204
4310,205
4704,205
3084,205
5644,205
4820,205
4603,205
5846,205
1665,205
1769,205
1159,205
711,205
4065,205
5579,205
3227,205
5127,205
2967,205
857,205
2039,205
4501,205
4478,205
384,205
3712,205
1193,205
1638,205
310,205
5859,205
5906,205
4018,205
3496,205
4168,205
5085,205
669,205
1235,206
2916,206
3537,206
3531,206
2808,206
5100,206
2613,206
2450,206
4449,206
706,206
3084,207
5290,207
1938,207
5925,207
2864,209
1081,209
5545,209
1235,209
857,209
2185,209
2325,209
2511,209
3211,209
1059,209
3661,209
656,209
5377,209
4143,209
216,209
174,209
109,209
2322,209
1973,209
5894,209
1595,209
4554,209
3733,209
1528,209
669,209
5441,209
1697,209
4449,209
3682,211
1834,211
3652,212
1640,212
1399,212
3597,212
3060,212
5331,212
284,212
563,212
4706,213
5942,213
4921,213
4701,213
2134,213
31,213
5545,213
5531,213
367,213
4012,213
4069,213
5338,213
4362,213
1235,213
5683,213
538,213
5186,213
96,213
5680,213
186,213
606,213
4955,213
974,213
2662,213
2029,213
220,213
1505,213
1896,213
4137,213
2818,213
4995,213
3482,213
3256,213
1835,213
4179,213
698,213
1445,213
2292,213
4484,213
2537,213
5103,213
863,213
3129,213
5067,213
5125,213
4896,213
5324,213
3533,213
4144,213
5893,213
5599,213
4786,213
5550,213
3615,213
1193,213
946,213
2358,213
3905,213
833,213
2569,213
4318,213
1484,213
2906,213
1662,213
330,213
4953,213
5493,213
1973,213
5894,213
3987,213
4737,213
298,213
3127,213
5285,213
5393,213
4168,213
4900,213
1941,213
1771,213
4107,213
1080,213
669,213
1398,213
284,213
535,213
2910,213
563,213
2147,213
2658,214
367,214
5644,214
1166,214
1543,214
4868,214
952,214
1963,214
1973,214
5042,214
768,214
4900,214
1110,214
4611,215
5944,215
4257,215
3098,215
2990,215
5237,215
5780,215
3252,215
1213,215
3008,215
4390,215
3713,215
2880,215
4263,215
5026,215
3327,215
3714,215
5159,215
3847,215
1740,215
4702,215
4765,215
4752,215
3704,215
2169,215
5590,215
2185,215
863,215
2623,215
4178,215
2671,215
735,215
3211,215
3728,215
349,215
3518,215
4454,215
3656,215
2304,215
1834,215
1995,215
3586,215
5426,215
3627,215
2287,215
4334,215
753,215
4169,215
298,215
5013,215
994,215
5441,215
284,215
2978,215
1272,215
2375,216
3084,216
845,216
4315,216
126,216
2183,216
2605,216
2325,216
325,216
4890,216
4731,216
2957,216
1885,216
4399,216
4168,216
4900,216
1771,216
2414,217
1805,217
3675,217
3152,217
480,217
3960,217
845,217
4384,217
1596,217
31,217
2543,217
3800,217
5395,217
5683,217
2003,217
4315,217
5253,217
5790,217
4118,217
3252,217
639,217
2636,217
4220,217
5981,217
3493,217
220,217
5846,217
1704,217
5303,217
1896,217
1012,217
1348,217
5204,217
440,217
3483,217
4460,217
1769,217
5392,217
1751,217
4774,217
1159,217
711,217
4065,217
1381,217
3144,217
5055,217
3746,217
4284,217
163,217
698,217
254,217
5399,217
3230,217
1923,217
1766,217
227,217
689,217
467,217
1112,217
3971,217
253,217
456,217
4274,217
4484,217
2183,217
4926,217
1097,217
3749,217
3148,217
3529,217
5592,217
5446,217
2938,217
1167,217
4501,217
325,217
2511,217
3211,217
2900,217
1834,217
445,217
5566,217
5316,217
3842,217
5301,217
22,217
5838,217
1785,217
3332,217
3581,217
3343,217
2950,217
2126,217
470,217
550,217
1895,217
971,217
4543,217
2767,217
2358,217
829,217
2981,217
5692,217
1207,217
4249,217
3724,217
2095,217
3905,217
1141,217
3271,217
2580,217
4552,217
151,217
686,217
603,217
4669,217
4540,217
930,217
3571,217
2957,217
5129,217
2209,217
4936,217
1880,217
4548,217
5537,217
2257,217
5871,217
28,217
4546,217
3140,217
4399,217
159,217
4671,217
5291,217
1017,217
4880,217
1687,217
5285,217
982,217
4811,217
4423,217
4168,217
1225,217
2331,217
3128,217
3741,217
5751,217
1528,217
1636,217
3737,217
276,217
284,217
1757,217
942,217
4760,217
704,217
5828,217
1855,217
2606,217
771,217
4582,217
5570,217
1720,217
3939,217
2238,217
5439,217
5437,217
4062,218
1940,218
2754,218
1904,218
5683,218
4085,218
3098,218
5186,218
5524,218
2861,218
3252,218
4279,218
3595,218
5026,218
5282,218
3872,218
1299,218
3714,218
465,218
4955,218
220,218
1891,218
1184,218
4946,218
1481,218
3482,218
3256,218
5579,218
979,218
4868,218
2039,218
1048,218
853,218
2185,218
3936,218
1059,218
5707,218
4296,218
675,218
2857,218
293,218
4998,218
4184,218
1193,218
2358,218
952,218
3905,218
5906,218
1876,218
4398,218
2486,218
3629,218
4104,218
1364,218
3258,218
1448,218
3946,218
1585,218
3799,218
191,218
1744,218
5235,218
181,218
1331,218
1706,218
284,218
4449,218
2864,219
3084,219
3776,219
2008,219
3695,219
1991,219
2325,219
647,219
3258,219
1697,219
3682,220
1461,220
4407,220
5712,220
3519,220
918,220
5062,220
1189,220
1112,220
1527,220
4222,220
3112,220
1059,220
5946,220
1072,220
1025,220
2639,220
2748,220
5536,220
4169,220
5646,220
4428,220
284,220
4704,221
4691,221
1945,221
2981,221
1225,221
5331,221
1764,222
1991,222
5127,222
3496,222
1616,222
3438,224
2861,224
1665,224
3537,224
4783,224
1099,224
689,224
467,224
1038,224
3607,224
4203,224
5779,224
4501,224
3191,224
3392,224
384,224
5031,224
2004,224
4442,224
4546,224
1225,224
1771,224
1636,224
984,224
563,224
2359,225
162,225
4058,225
1112,225
5795,225
1499,225
1123,225
2126,225
2358,225
4731,225
1487,225
284,225
4196,225
21,226
314,226
3034,226
4257,226
236,226
2352,226
5155,226
4014,226
397,226
1215,226
1461,226
2916,226
4603,226
3252,226
4263,226
5026,226
1725,226
4479,226
2099,226
1704,226
1077,226
3519,226
3007,226
3142,226
3232,226
1030,226
1115,226
1922,226
3467,226
4997,226
701,226
376,226
2185,226
1807,226
3901,226
3559,226
349,226
5177,226
3471,226
1072,226
1201,226
5096,226
4151,226
5873,226
3060,226
550,226
3941,226
952,226
4829,226
870,226
2695,226
1171,226
638,226
2869,226
2355,226
5646,226
2138,226
3301,226
4455,226
5820,226
1941,226
3425,226
3023,226
5807,226
3373,226
2574,226
940,226
1497,226
284,226
4462,226
1418,226
473,226
1991,227
1122,227
5859,227
4018,227
41,227
1059,228
3261,228
3811,229
2613,229
2038,229
5152,229
4487,229
2066,230
2889,230
2583,230
2248,230
2947,230
3794,230
5623,233
5100,233
1963,233
2064,235
1081,235
5545,235
1222,235
3263,235
3256,235
269,235
4868,235
3215,235
3689,235
3302,235
931,235
479,235
5920,235
3407,235
3002,235
2185,235
1501,235
1834,235
3414,235
2535,235
656,235
758,235
1193,235
946,235
2906,235
41,235
5711,235
5894,235
4737,235
4323,235
2138,235
298,235
4900,235
1771,235
427,235
1333,235
4964,235
5296,235
5500,235
3847,236
3519,236
863,236
3341,236
2243,236
5436,236
5778,236
4953,237
3037,237
2233,237
2375,238
4362,238
1235,238
2916,238
5186,238
5524,238
1505,238
2394,238
2507,238
1261,238
3329,238
2185,238
5258,238
1794,238
3663,238
5669,238
5301,238
2773,238
3054,238
3060,238
3696,238
4953,238
3037,238
4169,238
2110,238
4428,238
5013,238
4449,238
2375,239
2308,239
3682,239
5840,239
4097,239
5683,239
5186,239
205,239
2861,239
2990,239
3252,239
4279,239
4390,239
4690,239
3965,239
2674,239
5993,239
2528,239
5309,239
5818,239
5590,239
698,239
4485,239
2758,239
1389,239
1825,239
690,239
3049,239
2671,239
4087,239
735,239
5051,239
3211,239
1059,239
1834,239
5707,239
1731,239
4786,239
5550,239
3060,239
2004,239
550,239
3941,239
692,239
952,239
4334,239
4953,239
3037,239
3629,239
5345,239
3248,239
2601,239
1941,239
1771,239
2504,239
284,239
2978,239
1272,239
1757,239
1863,239
4706,240
610,240
2775,240
205,240
2528,240
4836,240
1041,240
1289,240
1941,240
1771,240
5141,241
4062,241
5600,241
5944,241
3849,241
1329,241
444,241
5621,241
2935,241
907,241
2550,241
2861,241
3713,241
2033,241
220,241
1166,241
5076,241
2802,241
3007,241
976,241
4192,241
3142,241
5848,241
2561,241
4794,241
413,241
5590,241
3955,241
4726,241
4402,241
1779,241
4862,241
1969,241
107,241
2284,241
3563,241
1825,241
583,241
3129,241
1834,241
273,241
678,241
537,241
983,241
5438,241
5175,241
1694,241
3491,241
952,241
1426,241
870,241
281,241
226,241
2695,241
2656,241
4431,241
4169,241
1963,241
3316,241
580,241
3248,241
4205,241
2138,241
2356,241
3301,241
3354,241
2803,241
4916,241
2855,241
1247,241
5009,241
2462,241
2992,241
3425,241
4779,241
3378,241
129,241
71,241
3876,241
284,241
551,241
1357,241
1044,241
84,241
2786,242
474,242
1994,242
2375,242
1661,242
4360,242
3836,242
3999,242
3814,242
2421,242
4124,242
2696,242
2015,242
5473,242
3252,242
5159,242
4354,242
3858,242
4229,242
5419,242
584,242
3256,242
126,242
1557,242
3325,242
1354,242
4173,242
4268,242
1071,242
2307,242
1263,242
1802,242
3355,242
2185,242
371,242
1203,242
1611,242
1250,242
5853,242
3661,242
2795,242
4944,242
1838,242
1499,242
5157,242
3030,242
3054,242
5885,242
966,242
4248,242
4629,242
5100,242
3696,242
1536,242
5466,242
5120,242
2610,242
1241,242
1564,242
1963,242
166,242
425,242
3629,242
1143,242
3425,242
3451,242
992,242
5778,242
5441,242
4482,242
354,242
991,242
45,242
2563,242
4449,242
2684,242
3545,242
2786,243
2375,243
2652,243
31,243
734,243
3376,243
5181,243
5958,243
1557,243
33,243
1611,243
2795,243
1921,243
3054,243
5885,243
550,243
1055,243
3037,243
1963,243
4720,243
5428,243
3545,243
5669,244
4953,244
3696,245
3682,246
3256,246
5051,246
3211,246
1834,246
870,246
284,246
2652,247
1338,247
5047,247
2768,247
698,247
1261,247
2578,247
5579,247
719,247
2422,247
3559,247
5669,247
870,247
3310,247
4953,247
3037,247
351,247
4169,247
5053,247
2138,247
1676,247
5457,247
4449,247
5428,247
4706,250
4932,250
5186,250
3537,250
4781,250
3211,250
1834,250
3060,250
952,250
1105,250
5493,250
3248,250
284,250
2985,250
5944,252
1338,252
1493,252
4229,252
4709,252
2870,252
3256,252
5974,252
698,252
1226,252
4485,252
4036,252
5877,252
4402,252
4090,252
1413,252
1591,252
104,252
1263,252
3112,252
2185,252
4302,252
4502,252
2874,252
607,252
2961,252
3310,252
5459,252
753,252
4953,252
3037,252
351,252
3282,252
3670,252
3535,252
3629,252
1256,252
4428,252
3301,252
298,252
3195,252
284,252
1734,252
5428,252
730,252
3682,253
3652,253
2499,253
3302,253
5759,253
4870,253
5592,253
3723,253
1825,253
735,253
3211,253
2004,253
2601,253
994,253
284,253
1357,253
1261,254
4953,254
3037,254
4916,254
5070,254
1276,255
1970,255
5873,255
4638,255
2394,256
2014,256
3256,256
995,256
4988,256
3053,256
3689,256
2185,256
960,256
4061,256
317,256
1593,256
4032,256
1832,257
3576,257
39,257
155,257
1644,257
1100,257
2421,257
5645,257
5114,257
5683,257
2721,257
288,257
2069,257
88,257
5590,257
2737,257
4254,257
4525,257
2004,257
268,257
2358,257
5100,257
4764,257
2570,257
4431,257
4953,257
4169,257
5887,257
1242,257
3998,257
1771,257
4230,257
880,257
5089,258
4953,258
2864,259
798,259
3865,259
5357,259
2914,259
528,259
687,259
5665,259
3561,259
4670,259
4320,259
4467,259
2145,259
4266,259
1369,259
2764,259
4030,259
606,259
1380,259
1303,259
2944,259
2127,259
7,259
3519,259
2802,259
5902,259
585,259
5217,259
3603,259
4768,259
1407,259
4808,259
567,259
126,259
1557,259
5401,259
918,259
2406,259
5967,259
4637,259
2728,259
434,259
2758,259
3302,259
5230,259
2605,259
5742,259
62,259
6002,259
5673,259
4523,259
3972,259
960,259
3225,259
3129,259
137,259
3630,259
892,259
384,259
811,259
2203,259
1393,259
415,259
4052,259
2316,259
447,259
756,259
331,259
3332,259
2050,259
5911,259
2208,259
365,259
2987,259
2773,259
3060,259
2004,259
4217,259
5354,259
5731,259
550,259
4542,259
1480,259
4248,259
326,259
1008,259
825,259
870,259
4126,259
2998,259
3309,259
1314,259
2322,259
3907,259
5208,259
2105,259
2718,259
1464,259
3629,259
1079,259
1495,259
5345,259
5996,259
4057,259
3521,259
1441,259
1771,259
2013,259
191,259
5005,259
3111,259
5778,259
2709,259
5525,259
284,259
1757,259
3247,259
2948,259
646,259
2562,259
2920,259
3324,259
4735,260
2454,260
2594,260
694,261
3564,261
5211,261
2864,263
3348,263
2965,263
5685,263
733,263
236,263
2352,263
2522,263
2815,263
3652,263
5945,263
1599,263
3163,263
1537,263
1490,263
2145,263
5644,263
3684,263
5049,263
907,263
4650,263
2681,263
4512,263
398,263
964,263
4754,263
3263,263
3857,263
3557,263
2661,263
3632,263
2701,263
4391,263
1558,263
2361,263
2179,263
3474,263
5289,263
3027,263
2901,263
3329,263
4657,263
5409,263
5978,263
1783,263
3302,263
2605,263
2937,263
1872,263
33,263
4547,263
873,263
3936,263
718,263
960,263
4178,263
2480,263
1834,263
445,263
811,263
293,263
4519,263
5397,263
4396,263
4340,263
2639,263
5089,263
2479,263
5585,263
4273,263
5599,263
545,263
470,263
2290,263
2418,263
1127,263
1895,263
3509,263
5391,263
2319,263
1046,263
2070,263
2569,263
1173,263
2791,263
4591,263
2821,263
4864,263
5755,263
4772,263
2700,263
2939,263
5763,263
4169,263
3185,263
804,263
2875,263
3629,263
5871,263
3248,263
3320,263
2296,263
5145,263
1826,263
108,263
574,263
3016,263
4912,263
1771,263
3793,263
2723,263
2976,263
4773,263
5700,263
4853,263
1590,263
1757,263
4194,263
2635,263
1019,263
4105,263
2498,263
573,263
3063,263
5437,263
4691,264
3163,264
687,264
2156,264
1380,264
2944,264
7,264
3519,264
2701,264
4768,264
567,264
1557,264
4637,264
2728,264
2758,264
3972,264
2123,264
960,264
3225,264
137,264
1393,264
4052,264
2316,264
1008,264
3309,264
3037,264
496,264
3629,264
5005,264
3111,264
284,264
1757,264
2983,264
2914,265
3684,265
5524,265
2156,265
2127,265
4137,265
4246,265
585,265
513,265
4637,265
487,265
5759,265
1237,265
550,265
1895,265
4542,265
732,265
23,265
1085,265
392,265
2357,265
2504,265
5778,265
4449,265
1029,265
1716,265
2859,265
1891,266
3214,267
2583,267
2248,267
2947,267
2008,268
995,268
2185,268
2938,268
4956,268
1941,268
4128,269
2823,269
2658,269
21,269
4904,269
2375,269
1087,269
778,269
731,269
183,269
3576,269
2953,269
3141,269
3074,269
5373,269
3206,269
2840,269
5222,269
3034,269
2097,269
820,269
5652,269
845,269
2242,269
2444,269
5945,269
4614,269
3814,269
1388,269
3226,269
2421,269
1170,269
4021,269
3114,269
1470,269
687,269
2982,269
2452,269
203,269
1276,269
301,269
4024,269
4320,269
3879,269
3464,269
3487,269
4377,269
2916,269
2576,269
5033,269
3684,269
3069,269
3133,269
1837,269
2810,269
165,269
4718,269
785,269
1498,269
3364,269
5524,269
2861,269
2398,269
4517,269
3094,269
4279,269
1821,269
4967,269
4513,269
5456,269
2156,269
4030,269
346,269
4263,269
2245,269
3634,269
3264,269
68,269
3818,269
4815,269
2300,269
292,269
2298,269
4533,269
2468,269
2035,269
3298,269
1726,269
3321,269
5101,269
805,269
5412,269
1303,269
4354,269
1284,269
3558,269
1953,269
1468,269
3965,269
4406,269
754,269
4516,269
2275,269
1043,269
5444,269
3526,269
5647,269
4343,269
433,269
1656,269
5512,269
534,269
3041,269
5803,269
5997,269
2408,269
1672,269
3028,269
5270,269
1249,269
4050,269
5303,269
2835,269
4703,269
1896,269
4491,269
4698,269
4229,269
1919,269
4986,269
4137,269
2661,269
5419,269
5294,269
2802,269
4246,269
4152,269
48,269
3007,269
2779,269
2552,269
3883,269
1182,269
4560,269
3478,269
407,269
4047,269
3781,269
4871,269
955,269
3492,269
3085,269
5239,269
5045,269
4966,269
4774,269
3179,269
3061,269
767,269
4915,269
5232,269
2911,269
2164,269
585,269
5590,269
1343,269
5464,269
4755,269
3700,269
5065,269
1396,269
4102,269
5701,269
126,269
5117,269
2165,269
4206,269
698,269
5514,269
3027,269
5018,269
4401,269
2474,269
5106,269
5381,269
3925,269
3844,269
4223,269
665,269
468,269
4506,269
1612,269
3984,269
1857,269
251,269
2124,269
5579,269
3886,269
3417,269
1189,269
227,269
4254,269
5233,269
4173,269
3335,269
3899,269
3025,269
5978,269
434,269
5795,269
2630,269
3406,269
3540,269
2972,269
2615,269
2794,269
5734,269
2638,269
3302,269
2605,269
1804,269
4958,269
5330,269
1969,269
1705,269
3112,269
5284,269
3828,269
501,269
2128,269
2817,269
1998,269
1786,269
2582,269
1565,269
3972,269
4045,269
4326,269
873,269
3936,269
350,269
4244,269
1310,269
4389,269
3129,269
4899,269
5067,269
532,269
4436,269
4939,269
4660,269
5177,269
1059,269
1834,269
1456,269
811,269
2986,269
3479,269
4193,269
4677,269
2560,269
1611,269
4549,269
5031,269
2933,269
4692,269
5707,269
4743,269
3442,269
4331,269
3525,269
2293,269
1479,269
2219,269
4920,269
202,269
3608,269
3108,269
1930,269
4493,269
4052,269
5502,269
2316,269
756,269
2969,269
2587,269
462,269
5718,269
5319,269
4527,269
2193,269
5686,269
2882,269
5969,269
412,269
516,269
1531,269
656,269
2697,269
5415,269
743,269
4499,269
1727,269
3839,269
3870,269
5377,269
52,269
5614,269
470,269
4639,269
5342,269
879,269
3980,269
2401,269
2773,269
3060,269
3556,269
2004,269
5684,269
5198,269
4217,269
3135,269
2783,269
5354,269
283,269
1895,269
3775,269
3917,269
4542,269
4248,269
3236,269
2332,269
2905,269
1422,269
2703,269
5175,269
692,269
1893,269
268,269
813,269
1828,269
5921,269
281,269
2695,269
3357,269
3159,269
4445,269
906,269
1431,269
348,269
830,269
1662,269
4334,269
509,269
5503,269
5344,269
3466,269
1615,269
1340,269
5650,269
4518,269
4772,269
2957,269
395,269
2939,269
4044,269
2441,269
715,269
1563,269
3671,269
4763,269
4561,269
3697,269
1395,269
2228,269
5493,269
2962,269
5317,269
5649,269
59,269
2875,269
3629,269
4569,269
724,269
5964,269
4372,269
3423,269
638,269
1102,269
5801,269
3097,269
5345,269
3577,269
2706,269
948,269
4453,269
2109,269
321,269
149,269
5358,269
2443,269
2043,269
4854,269
4451,269
826,269
2138,269
916,269
3397,269
1691,269
552,269
768,269
1999,269
510,269
926,269
5494,269
3055,269
2843,269
437,269
4912,269
5533,269
125,269
1951,269
4630,269
5820,269
1941,269
1771,269
1842,269
1309,269
2883,269
2876,269
5414,269
3453,269
421,269
1028,269
591,269
37,269
3111,269
2976,269
391,269
1133,269
258,269
2400,269
3204,269
5778,269
459,269
1080,269
994,269
5323,269
566,269
669,269
2092,269
765,269
2689,269
1236,269
511,269
5441,269
123,269
2191,269
1776,269
284,269
1590,269
3732,269
4242,269
1757,269
2409,269
4734,269
2256,269
2752,269
2091,269
4194,269
2678,269
1254,269
2090,269
4131,269
5066,269
5901,269
1654,269
1898,269
5273,269
5758,269
65,269
3884,269
5246,269
492,269
3947,269
1357,269
1111,269
3116,269
3143,269
5199,269
4433,269
1265,269
1736,269
4216,269
1138,269
3473,269
3740,269
570,269
5716,269
465,270
5159,270
2112,270
3519,270
4979,270
2605,270
1825,270
960,270
3891,270
4786,270
1214,270
692,270
4496,270
647,270
5457,270
2918,270
773,270
4062,271
3519,271
284,271
773,271
4152,272
1072,272
314,273
4706,273
5552,273
5395,273
4362,273
1884,273
4568,273
1896,273
5419,273
2169,273
2528,273
5590,273
2185,273
1834,273
2536,273
5100,273
3496,273
2396,273
3037,273
5493,273
5053,273
3709,273
5244,273
1941,273
1771,273
5331,273
1757,273
563,273
3322,274
1235,274
2692,274
4418,274
3774,274
2094,274
4019,274
3847,274
3519,274
3883,274
5065,274
3006,274
5592,274
960,274
550,274
2243,274
2432,274
5801,274
4732,274
2709,274
5066,274
1235,275
2916,275
2413,275
2003,275
1293,275
3252,275
2156,275
2099,275
1303,275
1339,275
3847,275
3519,275
5065,275
4637,275
2937,275
2136,275
3936,275
960,275
1834,275
178,275
3245,275
2032,275
2194,275
870,275
5883,275
4334,275
3185,275
2677,275
327,275
504,275
1771,275
3524,275
745,275
2918,275
1648,275
4953,276
3629,276
2965,277
2861,277
3942,277
2671,277
4638,277
5100,277
4334,277
1080,277
284,277
4689,278
2375,278
6001,278
778,278
2690,278
236,278
3682,278
4614,278
3252,278
5539,278
4696,278
5732,278
1054,278
3537,278
2014,278
549,278
5526,278
162,278
4146,278
1268,278
26,278
1741,278
1613,278
1831,278
49,278
5354,278
5731,278
5355,278
59,278
3670,278
2521,278
4278,278
3709,278
1359,278
4323,278
4428,278
5244,278
2759,278
1771,278
3195,278
3861,278
2119,278
3256,279
4953,279
1771,279
2074,280
616,281
1628,281
1715,281
188,281
5581,281
5542,281
1617,281
2484,281
1220,281
2103,281
2658,281
2200,281
5141,281
21,281
2131,281
1488,281
871,281
4062,281
5600,281
2655,281
791,281
1507,281
1429,281
1178,281
744,281
3220,281
3895,281
5970,281
2864,281
2502,281
4175,281
820,281
845,281
5740,281
4014,281
1101,281
4614,281
3240,281
687,281
4824,281
2142,281
1461,281
3464,281
1833,281
4362,281
1235,281
3684,281
1378,281
2176,281
2866,281
3982,281
3133,281
2810,281
165,281
2295,281
5453,281
4111,281
5411,281
1318,281
5524,281
4027,281
2156,281
4186,281
5608,281
1151,281
186,281
606,281
3805,281
2634,281
1910,281
1303,281
4011,281
1987,281
79,281
4019,281
1933,281
1852,281
3847,281
2746,281
4137,281
2802,281
3007,281
2884,281
4100,281
4033,281
4215,281
2367,281
185,281
2391,281
4648,281
4188,281
5205,281
4774,281
3081,281
585,281
4755,281
4768,281
5930,281
1407,281
1557,281
77,281
3223,281
2165,281
4375,281
2024,281
2682,281
3536,281
5935,281
97,281
5827,281
4637,281
4007,281
2901,281
5776,281
1600,281
3006,281
5402,281
4254,281
719,281
4073,281
2728,281
2756,281
4122,281
4222,281
2213,281
4059,281
1131,281
423,281
3302,281
4300,281
5666,281
3107,281
5785,281
3828,281
5794,281
1565,281
340,281
1310,281
960,281
5067,281
137,281
1995,281
1845,281
1990,281
3199,281
1659,281
5301,281
3873,281
415,281
756,281
1785,281
3640,281
1738,281
29,281
678,281
1328,281
4724,281
879,281
116,281
5709,281
3317,281
2773,281
959,281
3379,281
550,281
2616,281
4542,281
3742,281
5335,281
268,281
882,281
870,281
466,281
4694,281
435,281
815,281
1141,281
3159,281
4788,281
2891,281
4850,281
4334,281
3358,281
1615,281
5805,281
2743,281
2939,281
1156,281
1606,281
2120,281
2485,281
760,281
1963,281
3187,281
5493,281
4917,281
1576,281
5688,281
2435,281
5971,281
3445,281
496,281
3629,281
844,281
658,281
3736,281
4372,281
2432,281
93,281
1364,281
2667,281
446,281
1784,281
5358,281
2259,281
484,281
1687,281
4737,281
5124,281
4584,281
1691,281
574,281
4563,281
3173,281
1475,281
4165,281
272,281
5272,281
402,281
448,281
3058,281
3388,281
1427,281
1771,281
1649,281
3524,281
191,281
1430,281
5107,281
2311,281
3378,281
4666,281
5352,281
4720,281
1806,281
4773,281
459,281
2709,281
994,281
1667,281
511,281
129,281
5441,281
284,281
1590,281
3715,281
1757,281
2318,281
794,281
3394,281
637,281
2948,281
5066,281
3884,281
3218,281
4116,281
1107,281
5334,281
1265,281
403,281
989,281
5477,281
1391,281
460,281
2830,281
4332,281
960,282
2658,283
2522,283
2455,283
2663,283
1235,283
2681,283
2861,283
3413,283
2197,283
4479,283
3321,283
1303,283
2461,283
4206,283
918,283
434,283
3183,283
447,283
2820,283
4542,283
3627,283
825,283
1780,283
2540,283
2939,283
5129,283
1523,283
1491,283
5501,283
2685,283
2677,283
1096,283
5218,283
926,283
1771,283
3212,283
2395,283
4388,283
5008,284
3110,284
4024,284
3211,284
2394,285
1390,285
4774,285
550,285
1836,285
5996,285
3462,285
5013,285
1806,285
5175,286
3168,286
5141,287
4695,287
1768,287
5590,287
1328,287
4980,287
5769,287
4049,288
4257,288
3652,288
5127,288
2292,288
2185,288
863,288
3129,288
1399,288
2671,288
3211,288
3656,288
1834,288
2942,288
5642,288
2004,288
3742,288
952,288
3629,288
3248,288
298,288
191,288
2395,288
940,288
284,288
1254,288
4128,289
314,289
2546,289
3849,289
2815,289
3652,289
4614,289
4624,289
2008,289
1833,289
5338,289
2145,289
4362,289
1235,289
4085,289
3684,289
3587,289
4313,289
2398,289
1213,289
2156,289
4186,289
4081,289
1380,289
722,289
4568,289
1896,289
3263,289
4137,289
5993,289
1093,289
4937,289
4675,289
3323,289
4774,289
585,289
173,289
3603,289
3474,289
4485,289
4223,289
4465,289
5602,289
979,289
4138,289
5127,289
253,289
5920,289
1263,289
487,289
5277,289
1971,289
3936,289
1825,289
4771,289
863,289
5067,289
4578,289
3211,289
1059,289
1152,289
1772,289
5283,289
5707,289
74,289
4408,289
5706,289
756,289
2853,289
4144,289
3640,289
3118,289
4476,289
1103,289
4288,289
2126,289
4837,289
3839,289
4859,289
1307,289
879,289
116,289
4819,289
223,289
3060,289
550,289
1895,289
4164,289
4542,289
1289,289
3941,289
952,289
732,289
4397,289
5521,289
2891,289
3496,289
627,289
2396,289
1026,289
4936,289
1314,289
5493,289
1973,289
496,289
2278,289
3629,289
4208,289
5907,289
241,289
3248,289
3494,289
2338,289
2314,289
3709,289
1359,289
5124,289
739,289
1732,289
5563,289
5494,289
4912,289
5611,289
5272,289
1771,289
3524,289
191,289
2504,289
1404,289
5557,289
258,289
4720,289
4063,289
284,289
1897,289
3139,289
1590,289
1757,289
4797,289
4825,289
0,289
2948,289
5066,289
3884,289
4449,289
3764,289
5334,289
1770,289
2965,290
1002,290
5048,290
4380,290
1439,290
2861,290
1896,290
5221,290
2229,290
1926,290
1072,290
1611,290
973,290
5367,290
3978,290
1135,290
5354,290
5491,290
3943,290
5774,290
4169,290
1963,290
5493,290
3629,290
638,290
298,290
1941,290
229,290
449,290
2375,291
5207,291
731,291
66,291
2840,291
1408,291
5944,291
4450,291
4380,291
5032,291
1904,291
3361,291
4362,291
1235,291
2916,291
5231,291
5186,291
2861,291
2956,291
4664,291
1213,291
1884,291
5655,291
3337,291
5221,291
2281,291
1740,291
5279,291
2229,291
48,291
3537,291
5963,291
918,291
3182,291
4307,291
4241,291
5090,291
1300,291
2758,291
3689,291
5571,291
2185,291
505,291
1551,291
1825,291
4328,291
863,291
3129,291
3211,291
1834,291
206,291
1611,291
4549,291
3026,291
4144,291
3978,291
1135,291
3650,291
2773,291
3060,291
2004,291
5491,291
3457,291
1341,291
4873,291
952,291
5100,291
870,291
5379,291
5503,291
3268,291
5650,291
588,291
4948,291
5087,291
5229,291
5493,291
3162,291
3833,291
1913,291
5971,291
3629,291
3248,291
5053,291
1288,291
3730,291
3295,291
842,291
3301,291
298,291
5533,291
5895,291
1811,291
4181,291
2012,291
1941,291
1771,291
2883,291
5746,291
994,291
3861,291
5525,291
284,291
2978,291
1757,291
1863,291
4449,291
3997,291
1429,292
4769,292
4202,292
2965,292
845,292
5635,292
4338,292
5032,292
1904,292
3361,292
2266,292
4362,292
1235,292
2916,292
5113,292
4418,292
3133,292
187,292
5648,292
2775,292
240,292
5186,292
5524,292
2861,292
2094,292
734,292
4186,292
3376,292
1482,292
1748,292
3500,292
2755,292
1035,292
5221,292
5279,292
3007,292
303,292
3537,292
3531,292
4781,292
585,292
1865,292
2641,292
5007,292
2354,292
918,292
3182,292
2428,292
5127,292
4241,292
5480,292
4988,292
635,292
3370,292
1371,292
2307,292
1900,292
1300,292
2758,292
2471,292
3302,292
359,292
2055,292
5571,292
5356,292
5800,292
1760,292
2185,292
33,292
4547,292
5297,292
2938,292
343,292
1551,292
1825,292
4328,292
2872,292
1084,292
1834,292
3189,292
1072,292
1611,292
4549,292
5188,292
4046,292
5695,292
5994,292
3026,292
1750,292
2993,292
5250,292
3661,292
3057,292
4641,292
4144,292
3978,292
1630,292
2691,292
3330,292
5415,292
3080,292
5885,292
999,292
1341,292
963,292
3941,292
4873,292
952,292
5100,292
23,292
1142,292
2569,292
2010,292
2487,292
5379,292
3268,292
588,292
3787,292
1491,292
91,292
5229,292
5493,292
3162,292
1722,292
2435,292
2059,292
2760,292
4496,292
3248,292
3567,292
1076,292
1288,292
5353,292
4563,292
2450,292
298,292
5393,292
2449,292
4912,292
5533,292
5895,292
3646,292
370,292
1901,292
2012,292
1941,292
1771,292
2260,292
4720,292
994,292
5973,292
3861,292
5638,292
284,292
2978,292
1272,292
1898,292
1863,292
3827,292
3073,292
4213,292
3545,292
5162,292
3739,292
3776,293
1408,293
4614,293
2652,293
31,293
1656,293
5127,293
1611,293
2795,293
3978,293
1630,293
1938,293
3118,293
4255,293
5100,293
5229,293
5903,293
845,294
3587,294
2156,294
1555,294
1371,294
1389,294
2185,294
3936,294
4178,294
1962,294
119,294
4408,294
2795,294
4144,294
1534,294
5415,294
3060,294
1033,294
5175,294
2569,294
2939,294
4290,294
3629,294
4537,294
4720,294
994,294
1420,294
4216,294
3034,295
645,295
1596,295
4020,295
2008,295
1461,295
5338,295
4097,295
1235,295
2916,295
1213,295
2156,295
2374,295
5460,295
606,295
1896,295
4137,295
4752,295
3007,295
3883,295
5217,295
2386,295
918,295
3417,295
5978,295
5795,295
1961,295
2605,295
3112,295
3972,295
736,295
1834,295
1237,295
5301,295
756,295
4786,295
5550,295
470,295
3650,295
2773,295
2337,295
4542,295
5774,295
5537,295
679,295
5317,295
5345,295
4191,295
3562,295
1191,295
4455,295
3106,295
5013,295
4053,295
2504,295
2926,295
1080,295
994,295
511,295
284,295
4715,295
1757,295
3874,295
66,296
3576,296
2234,296
4317,296
4202,296
3034,296
1449,296
781,296
4668,296
5945,296
2330,296
3464,296
5001,296
4822,296
2277,296
4974,296
2156,296
4081,296
5680,296
3797,296
606,296
805,296
3691,296
3923,296
38,296
1108,296
3580,296
5586,296
2204,296
4705,296
1322,296
1972,296
652,296
3066,296
936,296
3081,296
585,296
2188,296
3700,296
2999,296
5065,296
3474,296
126,296
1557,296
3304,296
1091,296
1926,296
1354,296
3306,296
4979,296
4680,296
3717,296
1922,296
1089,296
3436,296
4127,296
359,296
2185,296
5744,296
5836,296
3972,296
4328,296
4771,296
583,296
3129,296
1399,296
1995,296
3957,296
3024,296
3267,296
2781,296
1211,296
4287,296
3192,296
3118,296
2249,296
1199,296
2068,296
1421,296
5642,296
2773,296
3060,296
4275,296
3121,296
335,296
1188,296
3496,296
5448,296
1817,296
5755,296
2513,296
1278,296
2957,296
4209,296
715,296
1957,296
5229,296
5649,296
2613,296
1227,296
2521,296
4943,296
5511,296
2038,296
724,296
1867,296
1618,296
344,296
3452,296
5345,296
2924,296
3863,296
3544,296
5849,296
1195,296
189,296
5887,296
1288,296
3374,296
1826,296
826,296
4737,296
4838,296
2793,296
304,296
5085,296
18,296
1771,296
4729,296
519,296
5013,296
1874,296
2504,296
1477,296
37,296
25,296
394,296
1080,296
2941,296
880,296
1671,296
1590,296
4825,296
4795,296
3874,296
3734,296
2980,296
1863,296
2563,296
563,296
1219,296
4161,296
576,296
1386,297
3576,297
2953,297
5685,297
4257,297
820,297
4556,297
5782,297
3652,297
4691,297
3836,297
4668,297
5304,297
5594,297
5626,297
4048,297
5876,297
1318,297
642,297
2861,297
3252,297
250,297
4713,297
606,297
4955,297
1303,297
1409,297
5981,297
2662,297
3444,297
5451,297
5777,297
4137,297
3557,297
2661,297
784,297
3137,297
5504,297
5419,297
2802,297
4802,297
3883,297
4459,297
4409,297
1184,297
3323,297
4781,297
1558,297
2164,297
585,297
3613,297
2288,297
3035,297
4930,297
3700,297
3256,297
1835,297
4415,297
126,297
1926,297
1153,297
269,297
945,297
3745,297
3112,297
1389,297
160,297
5277,297
2185,297
2722,297
2664,297
3972,297
583,297
3129,297
3211,297
1059,297
1834,297
1072,297
4717,297
2834,297
3542,297
4408,297
5870,297
4340,297
2479,297
2853,297
1946,297
1515,297
4786,297
5550,297
470,297
3317,297
2401,297
2773,297
3054,297
3060,297
5354,297
5731,297
3379,297
3627,297
495,297
2287,297
3208,297
2703,297
5175,297
268,297
23,297
5692,297
5883,297
3485,297
5379,297
3573,297
715,297
3037,297
5140,297
2629,297
5649,297
2875,297
724,297
241,297
3248,297
5996,297
3371,297
127,297
321,297
5292,297
1903,297
3709,297
3730,297
2491,297
1702,297
5172,297
2909,297
929,297
2992,297
660,297
1771,297
3594,297
4729,297
3683,297
191,297
4456,297
4219,297
25,297
994,297
490,297
3861,297
940,297
880,297
2261,297
5441,297
333,297
284,297
3812,297
4945,297
3394,297
991,297
1418,297
4121,297
5500,297
877,297
4161,297
1162,297
2181,297
3738,297
4216,297
2837,298
1928,298
3348,298
845,298
5740,298
5201,298
5945,298
5308,298
3092,298
5114,298
3893,298
2861,298
2824,298
2156,298
606,298
1303,298
722,298
1468,298
1409,298
1053,298
1006,298
5469,298
3645,298
1764,298
1469,298
4473,298
2585,298
2164,298
3572,298
2527,298
69,298
3417,298
269,298
5978,298
3986,298
3407,298
2605,298
4392,298
1552,298
3972,298
1892,298
5067,298
4578,298
1834,298
1611,298
2639,298
3396,298
1199,298
2748,298
2536,298
628,298
1803,298
2004,298
2194,298
44,298
5774,298
1960,298
5755,298
2957,298
2765,298
5317,298
5660,298
1686,298
2718,298
2186,298
3629,298
3089,298
4528,298
291,298
5351,298
218,298
1771,298
2504,298
1477,298
3789,298
4130,298
5705,298
2699,298
477,298
1149,298
535,298
4040,298
30,298
4449,298
4056,298
3251,298
932,298
1073,298
3914,299
31,299
3366,299
2591,299
2861,299
1896,299
4229,299
3847,299
1919,299
4866,299
3719,299
3300,299
4922,299
3147,299
3148,299
286,299
1632,299
2974,299
3813,299
4178,299
3211,299
2464,299
670,299
4149,299
3656,299
1834,299
2500,299
818,299
3476,299
879,299
692,299
952,299
2396,299
5493,299
5964,299
647,299
5053,299
1383,299
4854,299
3460,299
3810,299
1771,299
2504,299
4852,299
1080,299
284,299
1351,299
5562,299
1757,299
309,299
2680,299
4449,299
2717,299
654,299
1283,299
4613,299
42,299
5581,300
2375,300
6001,300
314,300
2965,300
5944,300
4054,300
4060,300
4820,300
2861,300
2990,300
3252,300
4279,300
4390,300
250,300
5197,300
5026,300
5282,300
1468,300
3965,300
1434,300
3718,300
1704,300
3847,300
3519,300
5076,300
2802,300
5476,300
2551,300
3537,300
2164,300
1450,300
5976,300
5515,300
1445,300
5123,300
1926,300
1683,300
4059,300
3112,300
1640,300
2185,300
3129,300
3813,300
4178,300
3211,300
1059,300
3656,300
4199,300
1834,300
5677,300
5426,300
5377,300
2773,300
3060,300
1895,300
5175,300
4334,300
1817,300
3466,300
5468,300
2138,300
502,300
3388,300
1941,300
3212,300
5013,300
2504,300
4385,300
1080,300
994,300
3861,300
284,300
1502,301
845,301
528,301
2036,301
3774,301
5524,301
1468,301
3519,301
3676,301
752,301
275,301
5065,301
1183,301
1407,301
3329,301
196,301
3147,301
854,301
1677,301
2937,301
1432,301
3148,301
2532,301
1389,301
3972,301
3129,301
4899,301
5051,301
5988,301
3113,301
832,301
58,301
507,301
3060,301
5175,301
732,301
23,301
1828,301
4529,301
4764,301
2891,301
1553,301
4154,301
1968,301
3629,301
4104,301
3248,301
1789,301
1771,301
3683,301
994,301
1667,301
1757,301
4721,301
318,301
4161,301
5268,302
164,302
2375,302
1928,302
1002,302
3776,302
3034,302
1449,302
4257,302
814,302
3682,302
2923,302
5809,302
1100,302
3652,302
61,302
4614,302
1388,302
2421,302
4054,302
5985,302
687,302
2895,302
4320,302
3643,302
3487,302
2145,302
2916,302
5683,302
5033,302
1929,302
3684,302
5513,302
1378,302
4060,302
2413,302
5307,302
5834,302
1498,302
3774,302
5524,302
2956,302
2156,302
783,302
5680,302
606,302
4955,302
805,302
1380,302
5412,302
1303,302
1573,302
4019,302
1782,302
1251,302
2170,302
4960,302
2030,302
1943,302
1425,302
3115,302
3990,302
5179,302
221,302
2384,302
526,302
2802,302
4100,302
1190,302
5245,302
652,302
2391,302
3323,302
1305,302
5205,302
4774,302
1216,302
4103,302
5232,302
936,302
2533,302
585,302
3700,302
2334,302
3474,302
513,302
1407,302
3056,302
3703,302
2024,302
237,302
1266,302
4223,302
2510,302
4843,302
3757,302
2283,302
4197,302
3326,302
512,302
1189,302
1683,302
6,302
4138,302
5128,302
5350,302
1869,302
4059,302
2605,302
5869,302
1879,302
2185,302
5658,302
787,302
3972,302
2166,302
4686,302
3936,302
718,302
2325,302
4374,302
583,302
5733,302
137,302
2716,302
3211,302
1059,302
1152,302
1834,302
445,302
1064,302
5160,302
4549,302
4717,302
4733,302
5707,302
2088,302
2376,302
2856,302
2631,302
4052,302
2316,302
756,302
3443,302
2639,302
3962,302
545,302
4786,302
5550,302
2748,302
1075,302
5916,302
628,302
470,302
352,302
4481,302
1978,302
223,302
5440,302
1326,302
3534,302
1979,302
703,302
5354,302
550,302
4319,302
2194,302
5489,302
4164,302
2907,302
4542,302
2476,302
5844,302
5955,302
2141,302
4010,302
2946,302
5100,302
23,302
5663,302
3235,302
429,302
5379,302
5023,302
2513,302
2957,302
2939,302
4907,302
3037,302
1911,302
898,302
581,302
3765,302
575,302
5493,302
3538,302
3821,302
540,302
3664,302
5080,302
5660,302
1827,302
2435,302
1737,302
2121,302
2278,302
2718,302
3629,302
5021,302
2489,302
2997,302
1410,302
1810,302
4372,302
4869,302
2666,302
2357,302
2598,302
2924,302
3863,302
5864,302
5042,302
5996,302
1784,302
4940,302
3178,302
865,302
1974,302
2483,302
5682,302
3908,302
1710,302
2109,302
1000,302
4854,302
2621,302
262,302
1687,302
5761,302
2138,302
2306,302
3301,302
553,302
5393,302
3058,302
2992,302
3599,302
2816,302
1771,302
5348,302
5710,302
2876,302
2504,302
4426,302
132,302
1196,302
2146,302
5569,302
1080,302
3195,302
940,302
284,302
3139,302
5583,302
1757,302
4825,302
2668,302
3070,302
991,302
2948,302
5066,302
4023,302
1486,302
3884,302
4879,302
2492,302
1107,302
1177,302
5334,302
3134,302
4161,302
932,302
3846,302
2028,302
2849,302
3588,302
3133,303
3587,303
3252,303
2156,303
3847,303
5993,303
2802,303
4494,303
3256,303
1835,303
1389,303
1476,303
3972,303
960,303
3211,303
1834,303
415,303
756,303
5389,303
3409,303
1817,303
5493,303
5208,303
5481,303
3629,303
5957,303
1364,303
5597,303
125,303
4333,303
5778,303
284,303
1757,303
4825,303
5178,303
3122,303
845,304
3836,304
4124,304
2652,304
5644,304
1656,304
4229,304
5480,304
3198,304
960,304
1072,304
5371,304
3118,304
470,304
4039,304
5229,304
5970,305
4068,305
2375,305
2965,305
4257,305
5652,305
5304,305
61,305
82,305
5545,305
5690,305
444,305
2956,305
4730,305
3376,305
2796,305
220,305
3408,305
2661,305
1991,305
3811,305
5958,305
711,305
3792,305
4206,305
3731,305
5935,305
1335,305
131,305
5515,305
5523,305
5992,305
2428,305
4173,305
1089,305
2292,305
2307,305
3198,305
2471,305
2567,305
3002,305
2654,305
4478,305
1501,305
960,305
3630,305
4017,305
3575,305
280,305
3479,305
293,305
1862,305
1890,305
3597,305
4144,305
3978,305
1336,305
5025,305
3065,305
656,305
3870,305
110,305
4269,305
4819,305
2773,305
3280,305
741,305
3783,305
1745,305
153,305
5770,305
5149,305
5575,305
1142,305
742,305
3496,305
1061,305
289,305
2939,305
4169,305
4154,305
4719,305
4238,305
4372,305
4278,305
1888,305
4571,305
1608,305
256,305
4891,305
2482,305
2269,305
1392,305
3293,305
713,305
1561,305
3524,305
138,305
875,305
3881,305
5746,305
284,305
2699,305
2583,305
5500,305
5333,305
3705,305
3051,305
3152,306
2848,306
5304,306
5945,306
61,306
800,306
5213,306
4067,306
4670,306
3313,306
3005,306
1353,306
1235,306
4650,306
5961,306
1360,306
3852,306
4186,306
1252,306
5680,306
186,306
3691,306
1468,306
4406,306
622,306
4393,306
1166,306
1390,306
3847,306
3519,306
554,306
3920,306
4035,306
5825,306
2701,306
3017,306
5470,306
5464,306
1168,306
3572,306
3369,306
5217,306
5065,306
2231,306
5328,306
918,306
2508,306
4090,306
3585,306
839,306
1658,306
3387,306
4329,306
4507,306
5362,306
2844,306
3112,306
4523,306
3936,306
5917,306
4244,306
1652,306
111,306
2480,306
811,306
1237,306
146,306
4052,306
2316,306
756,306
29,306
1062,306
1382,306
4859,306
470,306
2418,306
548,306
2907,306
4542,306
4336,306
825,306
216,306
5663,306
4694,306
1876,306
5719,306
751,306
930,306
2604,306
4585,306
392,306
1317,306
3403,306
3132,306
2558,306
4112,306
5042,306
4469,306
4356,306
4854,306
5260,306
4927,306
2491,306
4838,306
552,306
3524,306
3871,306
13,306
2504,306
4785,306
3790,306
608,306
5778,306
1590,306
2918,306
1697,306
477,306
535,306
2132,306
1067,306
3116,306
3764,306
2158,306
5536,307
1487,307
2658,308
2837,308
5632,308
4824,308
4362,308
3668,308
5524,308
3691,308
1303,308
3996,308
2388,308
3007,308
2884,308
2552,308
3883,308
161,308
720,308
1168,308
5065,308
2231,308
5328,308
4090,308
3006,308
4979,308
4842,308
80,308
5591,308
2236,308
4244,308
1020,308
3399,308
4052,308
550,308
2616,308
4248,308
3341,308
870,308
1580,308
5708,308
5719,308
2994,308
603,308
571,308
3677,308
5345,308
4469,308
560,308
1621,308
2393,308
1757,308
3913,308
3134,308
5008,309
3829,309
2375,309
1007,309
4452,309
4439,309
3776,309
4376,309
2255,309
3960,309
4614,309
2754,309
4021,309
641,309
195,309
5588,309
2329,309
5395,309
961,309
1235,309
5683,309
2727,309
4886,309
3438,309
2347,309
2139,309
2550,309
4820,309
2861,309
5715,309
5269,309
4220,309
4933,309
441,309
2662,309
2029,309
4425,309
2264,309
5390,309
5846,309
5303,309
2467,309
1896,309
3857,309
3632,309
3018,309
2902,309
5204,309
4590,309
185,309
4088,309
1769,309
5392,309
1942,309
4593,309
3710,309
1095,309
4774,309
1159,309
4065,309
2164,309
1343,309
3613,309
915,309
1262,309
954,309
938,309
2626,309
1384,309
4881,309
3227,309
655,309
2359,309
2740,309
5924,309
5000,309
5380,309
162,309
5290,309
689,309
3899,309
196,309
3040,309
5989,309
2758,309
857,309
253,309
423,309
5931,309
3302,309
2605,309
5082,309
3181,309
2136,309
5592,309
1669,309
3673,309
3972,309
4576,309
5979,309
3551,309
4501,309
1986,309
332,309
1400,309
863,309
3129,309
5067,309
137,309
1399,309
4178,309
1548,309
5081,309
1059,309
384,309
3656,309
4199,309
1834,309
3183,309
2805,309
4364,309
5669,309
2838,309
302,309
3976,309
293,309
4519,309
973,309
5677,309
2531,309
4144,309
4349,309
1681,309
3948,309
1123,309
2126,309
5550,309
1075,309
5576,309
629,309
4724,309
5377,309
4184,309
470,309
5642,309
5678,309
550,309
1049,309
5074,309
216,309
2253,309
3771,309
1194,309
952,309
5366,309
435,309
5914,309
2095,309
3934,309
3905,309
833,309
5906,309
3496,309
686,309
2903,309
5379,309
3950,309
1546,309
930,309
2610,309
5723,309
1491,309
2441,309
5355,309
5140,309
4169,309
1963,309
3889,309
2243,309
2435,309
5147,309
1973,309
2613,309
1227,309
1060,309
2875,309
3629,309
1511,309
1733,309
5165,309
1230,309
4546,309
4831,309
3568,309
4453,309
139,309
267,309
2750,309
4940,309
1889,309
4531,309
1356,309
543,309
5693,309
3301,309
4212,309
3016,309
1541,309
2506,309
1820,309
4956,309
1225,309
5505,309
2263,309
3202,309
5192,309
3550,309
5868,309
1688,309
3340,309
1646,309
192,309
909,309
3484,309
3146,309
1806,309
2477,309
25,309
5407,309
1272,309
984,309
4194,309
535,309
2680,309
3930,309
1830,309
1592,309
706,309
3660,309
4801,309
2854,309
1029,309
563,309
877,309
4195,309
2658,310
5303,310
2818,310
5822,310
3144,310
960,310
1938,310
1123,310
2358,310
4169,310
4503,310
2766,310
3682,311
1388,311
5840,311
5022,311
5683,311
3252,311
2073,311
3965,311
1847,311
3213,311
5655,311
2662,311
801,311
3519,311
5993,311
3256,311
1445,311
5579,311
5290,311
5430,311
5931,311
3749,311
3901,311
364,311
1399,311
5561,311
1027,311
106,311
1158,311
5051,311
3211,311
3728,311
1059,311
384,311
4767,311
1834,311
4017,311
3471,311
5160,311
5707,311
1478,311
4311,311
3060,311
2004,311
3696,311
4334,311
329,311
5972,311
3629,311
2110,311
4428,311
1771,311
3290,311
1723,311
129,311
5441,311
2191,311
284,311
745,311
5185,311
2016,311
2978,311
1590,311
3331,311
2279,311
1863,311
4449,311
4011,312
5097,312
1524,312
5877,312
2326,312
190,312
4474,312
994,312
2978,312
4128,313
1577,313
2823,313
5008,313
2658,313
4062,313
791,313
5970,313
2786,313
474,313
3817,313
5661,313
4022,313
2864,313
2502,313
2129,313
4830,313
2611,313
66,313
314,313
1578,313
1007,313
4049,313
2308,313
143,313
3206,313
5122,313
2965,313
4452,313
3084,313
5552,313
5942,313
2459,313
3637,313
3034,313
2516,313
1653,313
5944,313
5685,313
592,313
4932,313
2690,313
1905,313
814,313
4587,313
3682,313
2352,313
3849,313
1644,313
3992,313
5740,313
4014,313
3933,313
1370,313
4668,313
5304,313
648,313
5945,313
61,313
5378,313
3088,313
3163,313
1513,313
4086,313
1596,313
3516,313
5545,313
5598,313
4325,313
729,313
5623,313
5951,313
1550,313
2019,313
2979,313
3102,313
1052,313
4751,313
4000,313
2366,313
5032,313
4787,313
128,313
4012,313
5594,313
2865,313
3221,313
1549,313
3668,313
1718,313
3339,313
2163,313
4266,313
4495,313
2935,313
2080,313
4060,313
1040,313
520,313
5702,313
208,313
5613,313
514,313
3434,313
2190,313
4650,313
3098,313
3994,313
5253,313
1360,313
2956,313
601,313
3252,313
250,313
5197,313
320,313
5456,313
2475,313
2245,313
5814,313
4182,313
3264,313
3376,313
4901,313
4536,313
5915,313
3818,313
5460,313
1884,313
4672,313
5712,313
4913,313
2099,313
506,313
2634,313
3321,313
1380,313
5854,313
3558,313
1748,313
4406,313
1330,313
639,313
316,313
5670,313
5267,313
5539,313
1434,313
5512,313
3501,313
1104,313
4092,313
3854,313
3777,313
4620,313
4942,313
1016,313
5791,313
3028,313
2162,313
2788,313
220,313
2415,313
4790,313
2442,313
1704,313
2394,313
2507,313
3580,313
3600,313
3628,313
3806,313
5886,313
179,313
2258,313
398,313
1764,313
3233,313
1912,313
4792,313
3263,313
1935,313
1390,313
3519,313
2140,313
5071,313
784,313
5825,313
1882,313
1023,313
4702,313
5993,313
5419,313
3669,313
1325,313
4752,313
5279,313
2229,313
5465,313
4152,313
3007,313
1093,313
2973,313
861,313
5069,313
5204,313
5572,313
925,313
2818,313
2098,313
4861,313
527,313
4791,313
2929,313
4088,313
2125,313
3375,313
699,313
5835,313
5363,313
4514,313
56,313
3066,313
2592,313
2911,313
3537,313
2164,313
922,313
3448,313
5681,313
410,313
73,313
3809,313
4494,313
4510,313
2999,313
3300,313
529,313
2912,313
3304,313
3703,313
5496,313
4562,313
1587,313
5057,313
5573,313
3346,313
1839,313
918,313
3536,313
862,313
777,313
5532,313
905,313
2265,313
2389,313
1445,313
2161,313
491,313
633,313
2508,313
135,313
5019,313
3918,313
322,313
1459,313
2637,313
1651,313
5579,313
214,313
1959,313
5992,313
5612,313
4009,313
372,313
839,313
1683,313
4322,313
3306,313
4685,313
3553,313
2571,313
1176,313
1094,313
1112,313
2879,313
1474,313
4241,313
95,313
4504,313
1058,313
2728,313
1089,313
3899,313
196,313
1692,313
1967,313
4923,313
5153,313
4579,313
3420,313
2082,313
3276,313
3436,313
198,313
4400,313
5956,313
5090,313
4222,313
967,313
4997,313
4848,313
5103,313
2567,313
1773,313
2407,313
3302,313
774,313
2826,313
3284,313
2782,313
5396,313
1969,313
80,313
5653,313
3896,313
3112,313
3480,313
107,313
2817,313
2185,313
2184,313
4051,313
5329,313
1807,313
2664,313
2453,313
5878,313
4446,313
4374,313
5917,313
583,313
296,313
1310,313
960,313
863,313
1790,313
1268,313
3129,313
4436,313
4939,313
4660,313
4578,313
1859,313
137,313
2716,313
3303,313
736,313
1399,313
735,313
5368,313
3211,313
3518,313
380,313
4454,313
1798,313
1041,313
3032,313
1641,313
1456,313
927,313
3189,313
1072,313
3575,313
3479,313
2457,313
3046,313
4799,313
1794,313
4341,313
2834,313
3586,313
5669,313
1201,313
2899,313
5313,313
1237,313
4692,313
273,313
4634,313
2856,313
4758,313
1970,313
1025,313
5870,313
2639,313
2964,313
2535,313
3763,313
1286,313
1597,313
3597,313
1741,313
3769,313
3083,313
2479,313
4144,313
721,313
307,313
3962,313
2940,313
4006,313
4684,313
418,313
4287,313
1663,313
5799,313
1515,313
3118,313
5111,313
5319,313
2488,313
5445,313
436,313
47,313
5408,313
2602,313
1163,313
4311,313
678,313
3086,313
5671,313
2505,313
49,313
2784,313
4269,313
4461,313
4595,313
1803,313
1421,313
2871,313
5475,313
651,313
879,313
1714,313
3317,313
3606,313
2822,313
2773,313
1571,313
3060,313
1121,313
5684,313
5108,313
4217,313
5354,313
3503,313
1361,313
3013,313
4542,313
150,313
4306,313
1037,313
968,313
4623,313
1255,313
4240,313
2547,313
5074,313
5674,313
2312,313
2319,313
1289,313
825,313
3894,313
5175,313
692,313
3044,313
4125,313
5149,313
2272,313
1313,313
3832,313
578,313
2247,313
952,313
5100,313
5521,313
5366,313
626,313
3564,313
5921,313
4232,313
5692,313
1655,313
1188,313
3235,313
962,313
1670,313
5194,313
1431,313
2420,313
4885,313
2520,313
4318,313
1605,313
2753,313
4828,313
830,313
3927,313
5543,313
5503,313
2570,313
1817,313
5176,313
2852,313
5559,313
1761,313
5262,313
5711,313
5087,313
4119,313
5355,313
4763,313
4953,313
3037,313
5558,313
4803,313
3021,313
1374,313
2694,313
898,313
5261,313
4756,313
1514,313
944,313
972,313
4039,313
4386,313
4169,313
3196,313
1568,313
913,313
728,313
2435,313
1913,313
1227,313
1737,313
166,313
2257,313
3,313
5431,313
5607,313
1556,313
987,313
5088,313
1993,313
1424,313
4227,313
3419,313
3188,313
901,313
5152,313
1274,313
3629,313
1867,313
4496,313
2963,313
1239,313
658,313
5749,313
1954,313
2274,313
2558,313
4372,313
2079,313
2225,313
5364,313
5119,313
4841,313
5461,313
3103,313
1018,313
5629,313
807,313
2598,313
1302,313
4156,313
625,313
3544,313
3386,313
1483,313
5616,313
120,313
241,313
580,313
3248,313
4305,313
4191,313
5029,313
5042,313
5737,313
4089,313
5228,313
864,313
5068,313
382,313
2151,313
486,313
1693,313
139,313
559,313
159,313
2043,313
5260,313
1903,313
1288,313
1359,313
3374,313
4766,313
5050,313
3404,313
1145,313
3136,313
4737,313
2041,313
4697,313
5234,313
916,313
1717,313
4153,313
3590,313
5244,313
1915,313
334,313
4667,313
5369,313
3726,313
1620,313
298,313
406,313
4740,313
430,313
4342,313
3868,313
883,313
177,313
457,313
4132,313
1494,313
4198,313
4916,313
3651,313
5810,313
1567,313
5717,313
3237,313
555,313
2707,313
5174,313
5266,313
1161,313
1601,313
3384,313
3490,313
3058,313
2898,313
3845,313
900,313
3897,313
1755,313
1818,313
5839,313
2177,313
1699,313
4455,313
4630,313
3106,313
3824,313
3524,313
5843,313
2402,313
427,313
667,313
2883,313
4420,313
875,313
3050,313
4515,313
4448,313
594,313
1109,313
1082,313
3380,313
3373,313
339,313
4678,313
2976,313
5738,313
5394,313
2390,313
3773,313
464,313
1532,313
1387,313
459,313
994,313
4947,313
4063,313
3195,313
1224,313
1245,313
3861,313
5525,313
1559,313
5441,313
1492,313
5433,313
2774,313
1526,313
1285,313
3779,313
4123,313
3786,313
284,313
4117,313
2877,313
4855,313
2371,313
4825,313
2699,313
5773,313
4078,313
2549,313
2256,313
4464,313
3247,313
3874,313
2119,313
4196,313
1887,313
2090,313
5163,313
4108,313
473,313
1088,313
5901,313
808,313
3546,313
2672,313
766,313
4893,313
4449,313
5500,313
1111,313
1067,313
2063,313
730,313
389,313
2381,313
5006,313
1015,313
1770,313
2215,313
2192,313
576,313
3045,313
727,313
3705,313
3738,313
1090,313
5667,313
3244,314
4068,314
2864,314
1087,314
2611,314
66,314
5699,314
4175,314
2965,314
1002,314
3776,314
1408,314
5095,314
4348,314
4257,314
5518,314
814,314
845,314
1644,314
816,314
3836,314
852,314
31,314
4325,314
3685,314
5644,314
3434,314
792,314
3098,314
3252,314
2245,314
465,314
1884,314
1468,314
1847,314
1104,314
220,314
2159,314
5038,314
3639,314
4229,314
2069,314
54,314
784,314
5732,314
2528,314
2884,314
986,314
3883,314
925,314
4722,314
4774,314
4103,314
2182,314
1865,314
2792,314
4768,314
126,314
4070,314
698,314
2919,314
3925,314
342,314
3182,314
5523,314
5579,314
4307,314
945,314
2428,314
4662,314
5127,314
2235,314
1089,314
2292,314
5795,314
4525,314
2307,314
924,314
4530,314
2758,314
3215,314
4392,314
3002,314
3853,314
2128,314
2185,314
598,314
505,314
4326,314
4501,314
4478,314
1825,314
1501,314
5067,314
1859,314
1834,314
4017,314
2927,314
1072,314
1611,314
5125,314
293,314
1914,314
222,314
3597,314
2795,314
4144,314
3978,314
3118,314
5928,314
3870,314
3060,314
872,314
531,314
611,314
3742,314
2054,314
4255,314
4829,314
4890,314
1446,314
870,314
5921,314
3943,314
5774,314
5906,314
2569,314
2496,314
4334,314
5503,314
5679,314
5486,314
725,314
5752,314
5405,314
4169,314
5229,314
4154,314
5493,314
5903,314
2897,314
3291,314
1934,314
1270,314
3629,314
4496,314
5004,314
3353,314
3171,314
666,314
5863,314
5410,314
3301,314
264,314
298,314
3512,314
1544,314
5494,314
762,314
2449,314
1941,314
1771,314
2883,314
5746,314
4283,314
4327,314
5443,314
25,314
2709,314
5638,314
284,314
1272,314
3247,314
3038,314
1863,314
5383,314
60,314
1844,314
3660,314
4858,314
453,314
3145,314
878,314
375,314
3541,314
2658,315
564,315
4932,315
5740,315
367,315
3151,315
5683,315
1583,315
1626,315
5846,315
2777,315
1896,315
1991,315
3883,315
2818,315
4995,315
4999,315
5634,315
1159,315
711,315
3537,315
5217,315
4223,315
5471,315
1673,315
5908,315
3826,315
4868,315
1221,315
2758,315
3986,315
3302,315
2605,315
993,315
5741,315
3112,315
998,315
5356,315
2185,315
3901,315
873,315
4899,315
5067,315
4939,315
1834,315
1072,315
206,315
4896,315
5599,315
1799,315
1123,315
2126,315
1198,315
1135,315
656,315
2921,315
550,315
3975,315
825,315
1193,315
2358,315
870,315
1662,315
330,315
3162,315
1973,315
2296,315
4742,315
189,315
256,315
3127,315
3802,315
1247,315
4168,315
4900,315
1941,315
1771,315
391,315
1345,315
669,315
4347,315
284,315
270,315
771,315
2786,316
4257,316
3836,316
2652,316
31,316
1461,316
2111,316
1656,316
5958,316
2938,316
3057,316
2795,316
3978,316
3118,316
1921,316
825,316
4255,316
3932,316
5486,316
4039,316
5537,316
5229,316
5493,316
3097,316
2757,316
2717,316
2544,317
5256,317
3776,317
797,317
5740,317
3652,317
4054,317
3092,317
5531,317
1235,317
378,317
2861,317
2990,317
3252,317
250,317
2073,317
2588,317
5875,317
4807,317
1202,317
5294,317
3883,317
118,317
3323,317
3537,317
3721,317
4034,317
3302,317
2605,317
5759,317
4622,317
4870,317
5592,317
2205,317
2185,317
3723,317
1290,317
1825,317
364,317
3399,317
1399,317
4178,317
3211,317
1530,317
1059,317
4454,317
3656,317
4199,317
1834,317
445,317
5553,317
5870,317
3317,317
1978,317
3060,317
4839,317
5880,317
952,317
5919,317
5859,317
870,317
1569,317
4334,317
930,317
4649,317
1055,317
3037,317
1746,317
2875,317
299,317
4109,317
4071,317
1743,317
2405,317
1941,317
866,317
591,317
3762,317
994,317
940,317
3126,317
284,317
5562,317
3486,317
2678,317
4449,317
795,317
2655,318
2799,318
4218,318
314,318
2690,318
1905,318
5652,318
814,318
4559,318
1522,318
261,318
4054,318
2614,318
4824,318
4060,318
3729,318
3867,318
4612,318
2990,318
481,318
4750,318
1151,318
4174,318
1434,318
4535,318
2160,318
220,318
4938,318
1078,318
3669,318
5294,318
4752,318
5732,318
3018,318
1093,318
3850,318
4798,318
337,318
1506,318
16,318
5721,318
5236,318
585,318
4865,318
1865,318
788,318
1557,318
5018,318
4983,318
862,318
4783,318
3456,318
5579,318
3215,318
1712,318
5869,318
1065,318
643,318
1705,318
5759,318
889,318
2051,318
2453,318
1501,318
3968,318
1790,318
3129,318
4578,318
26,318
3877,318
1399,318
1548,318
3728,318
1798,318
5046,318
2683,318
2834,318
5547,318
2081,318
2640,318
756,318
5677,318
1838,318
5599,318
1103,318
1123,318
2126,318
52,318
228,318
3610,318
3514,318
4082,318
238,318
2921,318
5240,318
4247,318
335,318
363,318
1008,318
630,318
4383,318
1944,318
3887,318
4435,318
3678,318
2149,318
1465,318
2981,318
5418,318
4442,318
4357,318
1171,318
1876,318
5857,318
1032,318
1536,318
2037,318
1278,318
1156,318
3788,318
2613,318
1227,318
5152,318
4487,318
3969,318
3629,318
2357,318
4112,318
93,318
5643,318
5434,318
2303,318
3944,318
5862,318
4737,318
4977,318
5285,318
4132,318
4956,318
3520,318
414,318
204,318
667,318
224,318
5331,318
3584,318
4327,318
975,318
4604,318
5557,318
5323,318
5516,318
3126,318
3935,318
1697,318
4388,318
1223,318
3365,318
4614,319
1,319
4090,319
3211,319
756,319
4694,319
4820,320
5200,320
126,320
1180,320
5991,320
4501,320
3581,320
243,320
1846,320
4063,320
3761,320
3682,321
4603,321
4011,321
1584,321
220,321
1166,321
3112,321
4622,321
5592,321
1072,321
3118,321
2004,321
1670,321
4334,321
5972,321
757,321
3629,321
102,321
5331,321
3247,321
5158,323
4011,323
4178,323
470,323
5058,323
5530,323
1902,325
4229,325
4702,325
5076,325
2802,325
48,325
3007,325
2551,325
4166,325
1450,325
5065,325
5976,325
4307,325
643,325
2185,325
4501,325
1825,325
1834,325
415,325
3317,325
2401,325
3060,325
2772,325
952,325
5100,325
666,325
2138,325
3398,325
3212,325
994,325
284,325
5457,325
2918,325
1070,325
1757,325
5138,325
2861,326
1339,326
5065,326
5996,326
2350,326
4541,327
31,328
3387,328
3986,328
1825,328
3661,328
692,328
5100,328
2065,328
2138,328
1357,328
4500,329
2455,329
536,329
4886,329
1512,329
5159,329
4790,329
5651,329
1816,329
3020,329
2169,329
5590,329
5154,329
918,329
819,329
5130,329
80,329
2817,329
2938,329
343,329
873,329
863,329
2671,329
3656,329
1834,329
1201,329
5870,329
2610,329
753,329
5037,329
4005,329
3402,329
4683,329
298,329
1771,329
2504,329
2196,329
5323,329
3861,329
1351,329
2978,329
35,329
5580,329
4425,330
5346,330
4614,331
5395,331
3847,331
1103,331
648,332
3439,332
850,332
1040,332
2861,332
1151,332
5159,332
3213,332
1521,332
5926,332
1909,332
4229,332
5012,332
4807,332
2673,332
1639,332
4966,332
5007,332
5877,332
5130,332
4622,332
5592,332
1632,332
1020,332
1399,332
3813,332
5656,332
3470,332
3656,332
1834,332
4872,332
1083,332
5125,332
5994,332
5491,332
3310,332
4707,332
4805,332
4586,332
122,332
2613,332
3629,332
5037,332
5359,332
4112,332
5102,332
1143,332
3666,332
1634,332
591,332
3790,332
2026,332
5778,332
5014,332
1351,332
2251,332
5562,332
1128,332
2416,332
547,333
3634,333
1303,333
4354,333
5065,333
1020,333
756,333
116,333
550,333
1836,333
732,333
4694,333
2569,333
1963,333
2875,333
4487,333
5629,333
4366,333
3213,334
918,334
590,334
5759,334
5015,334
4169,334
3701,335
3477,335
2143,335
4354,335
2112,335
3920,335
2701,335
2153,335
3323,335
5470,335
1305,335
3256,335
4206,335
2387,335
3387,335
4842,335
1065,335
5741,335
756,335
1738,335
1382,335
4542,335
4936,335
4386,335
4469,335
2470,335
489,335
3166,335
345,335
5005,335
4773,335
129,335
1757,335
2232,335
11,335
3682,336
1918,336
918,336
590,336
3978,336
721,336
3962,336
3653,336
3037,336
3993,337
4706,337
4320,337
1378,337
5197,337
1991,337
1445,337
3886,337
1123,337
443,337
23,337
2569,337
1963,337
1595,337
3519,340
4915,340
101,340
4694,340
3629,340
4496,340
2918,340
4962,341
5051,341
3211,341
1834,341
284,341
3519,342
3775,342
558,343
3847,343
3519,343
1184,343
2052,343
5540,343
5020,343
1941,343
4964,343
3642,343
2118,343
4746,344
2234,345
1905,345
5652,345
814,345
2352,345
2522,345
4614,345
2895,345
5032,345
1235,345
4822,345
2861,345
2061,345
2156,345
68,345
606,345
3923,345
3262,345
4535,345
5777,345
4137,345
1415,345
2802,345
4802,345
4422,345
3164,345
1054,345
3537,345
2164,345
1168,345
173,345
5217,345
2179,345
788,345
126,345
4206,345
1926,345
5579,345
1337,345
4988,345
2967,345
3749,345
1389,345
247,345
3972,345
4389,345
4899,345
1834,345
1798,345
1611,345
5707,345
74,345
756,345
2222,345
2472,345
5870,345
3267,345
3962,345
1946,345
1174,345
1515,345
2748,345
628,345
2290,345
2401,345
3060,345
2194,345
4542,345
1033,345
3627,345
2403,345
5491,345
3941,345
952,345
732,345
5692,345
1580,345
1878,345
4877,345
4334,345
3573,345
4427,345
770,345
1579,345
2765,345
2322,345
496,345
2875,345
724,345
2216,345
638,345
3248,345
2259,345
5563,345
4912,345
4956,345
2992,345
1941,345
1771,345
3683,345
2504,345
2310,345
2709,345
994,345
682,345
1351,345
1757,345
2318,345
3874,345
5500,345
1716,345
2181,345
3738,345
5498,346
785,346
590,346
5051,346
3211,346
284,346
5186,347
2861,347
5655,347
853,347
3112,347
206,347
3978,347
1714,347
2773,347
3060,347
3905,347
4838,347
994,347
5441,347
616,349
2652,349
31,349
1847,349
1704,349
54,349
4192,349
3537,349
4530,349
2817,349
1825,349
2795,349
4144,349
3118,349
2287,349
5491,349
4397,349
1147,349
5466,349
1963,349
2601,349
1357,349
4689,350
1386,350
3576,350
2526,350
797,350
5977,350
1905,350
5652,350
1520,350
2366,350
2846,350
3287,350
2176,350
3047,350
4820,350
5981,350
4620,350
2796,350
5926,350
2442,350
1555,350
3806,350
4806,350
2661,350
4884,350
5076,350
2780,350
1320,350
4285,350
5347,350
5343,350
5462,350
1558,350
3700,350
2737,350
5117,350
3304,350
3052,350
2600,350
945,350
4254,350
34,350
5153,350
4163,350
2133,350
2117,350
1652,350
2168,350
3211,350
3229,350
3866,350
577,350
86,350
5108,350
1361,350
5452,350
147,350
4010,350
882,350
260,350
1485,350
2211,350
5023,350
4887,350
4756,350
4458,350
1682,350
5493,350
540,350
1209,350
3629,350
1618,350
182,350
2353,350
3709,350
262,350
5528,350
386,350
943,350
530,350
4912,350
448,350
1771,350
459,350
994,350
4853,350
2863,350
2668,350
4969,350
5138,350
637,350
4233,350
5500,350
2501,350
2658,351
1665,351
5008,352
2066,352
2029,352
5020,352
3794,352
1636,353
4452,354
2861,354
4603,354
2164,354
3256,354
2292,354
1551,354
3211,354
4144,354
3060,354
952,354
5100,354
5692,354
1274,354
3629,354
284,354
4449,354
1844,354
2861,355
3537,355
3656,355
1834,355
1103,355
1394,355
3060,355
2569,355
3629,355
1771,355
284,355
3682,356
5545,356
974,356
1896,356
4618,356
4100,356
3225,356
863,356
5987,356
5691,356
5415,356
2004,356
1253,356
2569,356
4318,356
4581,356
5646,356
5285,356
4975,356
3377,356
994,356
669,356
1128,356
4194,356
535,356
5066,356
3494,357
4204,357
3258,357
1861,357
4175,358
359,358
2773,358
3060,358
5859,358
4953,358
3037,358
3282,358
2658,361
2837,361
3576,361
4175,361
885,361
733,361
5740,361
3612,361
528,361
4362,361
4097,361
1235,361
3989,361
5524,361
2156,361
4081,361
1726,361
1303,361
3263,361
3519,361
5076,361
3018,361
1093,361
4215,361
585,361
3700,361
3474,361
4254,361
2292,361
3393,361
253,361
5301,361
3962,361
5952,361
4288,361
1069,361
5593,361
470,361
5709,361
2401,361
2495,361
952,361
5100,361
3943,361
2957,361
5317,361
5649,361
1274,361
3629,361
1076,361
2423,361
4854,361
3089,361
3397,361
4211,361
2100,361
660,361
1771,361
5331,361
4063,361
4853,361
1897,361
1757,361
2371,361
2699,361
0,361
2812,361
5758,361
1107,361
1177,361
1219,361
4161,361
5740,362
3148,362
3496,362
1274,362
5630,362
706,362
5601,363
4169,363
4158,363
4229,364
1394,364
3787,364
4169,364
2470,364
284,364
284,365
3847,366
2605,366
863,366
117,366
2032,366
216,366
144,366
2939,366
3185,366
5490,366
2013,366
284,366
1757,366
4851,367
3888,367
613,367
2066,367
1213,367
1021,367
4390,367
2597,367
5680,367
4913,367
5076,367
4387,367
1407,367
4843,367
5829,367
4833,367
2732,367
1436,367
3302,367
3407,367
5917,367
171,367
960,367
5051,367
3211,367
3728,367
1059,367
1834,367
5566,367
5668,367
3661,367
3566,367
5472,367
5216,367
550,367
5606,367
4957,367
466,367
2569,367
503,367
930,367
4982,367
725,367
2220,367
5346,367
2875,367
3629,367
5468,367
3099,367
748,367
556,367
710,367
5276,367
502,367
1771,367
5507,367
2934,367
3596,367
4544,367
284,367
4160,367
1562,367
5720,367
3352,367
2285,367
4924,367
1005,367
2645,367
2199,367
893,367
1185,367
423,368
4639,368
3794,368
2145,370
5412,370
3519,370
1760,370
2619,370
5946,370
756,370
496,370
448,370
2066,371
698,372
4485,372
4402,372
4953,372
3282,372
4428,372
1473,372
284,372
5545,374
5395,374
3847,374
3307,374
817,374
1961,374
4177,374
5051,374
384,374
1834,374
1193,374
4431,374
4169,374
5080,374
1595,374
1636,374
1697,374
244,375
5599,377
4706,378
5944,378
4820,378
4603,378
220,378
1166,378
1159,378
711,378
1683,378
5127,378
4018,378
4169,378
3621,378
2613,378
669,378
1697,378
3695,379
4229,380
5993,380
3537,380
2671,380
1059,380
5872,380
3037,380
4793,381
5665,381
1675,381
4220,381
441,381
5390,381
3823,381
711,381
1566,381
5349,381
5987,381
3367,381
973,381
3648,381
5550,381
5377,381
5884,381
5109,381
5906,381
5020,381
3916,381
2875,381
4912,381
981,381
1601,381
5505,381
3377,381
4964,381
2854,381
2861,382
4603,382
1159,382
711,382
4065,382
3886,382
689,382
1122,382
4868,382
2309,382
4431,382
233,382
121,382
4399,382
669,382
4065,383
5882,383
1685,383
2074,384
5223,384
726,384
799,384
711,385
689,385
4146,385
5314,385
2613,385
1227,385
2029,386
220,386
5127,386
4146,386
3002,386
5306,386
3813,386
5314,386
5491,386
952,386
1913,386
1941,386
284,386
1697,386
1616,386
4783,387
994,387
48,388
5947,388
5853,388
74,388
2993,388
4169,388
2875,388
4250,388
3496,389
2811,390
4055,392
2008,392
3028,392
4868,392
1150,392
4953,392
618,393
1132,393
3551,393
4501,393
1225,393
5831,393
3338,394
3478,394
4210,394
4045,394
1774,394
4002,394
4168,394
2680,394
5395,395
4144,395
3496,395
3833,395
3174,395
4079,398
3438,398
656,398
3171,398
5395,399
5683,399
1012,399
1348,399
5287,399
1525,399
5979,399
4501,399
2981,399
2580,399
5871,399
2286,399
1687,399
2012,399
1994,400
1051,400
549,400
1287,400
4899,400
1907,400
656,400
5377,400
1355,400
4731,400
4431,400
4953,400
4916,400
4964,400
1697,400
5144,401
5925,401
4169,401
658,401
25,401
5343,402
220,404
1166,404
5846,405
5287,406
2358,408
4764,408
5138,408
3794,408
3537,410
1081,411
1122,411
3929,411
647,411
1891,412
4184,412
1697,412
2655,413
5220,413
564,413
4782,413
5806,413
3609,413
261,413
3875,413
3313,413
1607,413
5388,413
2446,413
5899,413
94,413
2550,413
1172,413
3634,413
4252,413
1726,413
614,413
4011,413
3979,413
488,413
5655,413
353,413
220,413
5886,413
1919,413
3857,413
103,413
3190,413
1202,413
5294,413
1991,413
1218,413
4210,413
3759,413
711,413
1280,413
1316,413
5386,413
5328,413
2919,413
3589,413
4645,413
5073,413
1812,413
2283,413
2427,413
709,413
5750,413
5233,413
1472,413
253,413
853,413
1871,413
4813,413
206,413
22,413
2873,413
4759,413
3601,413
1681,413
1924,413
3260,413
3751,413
3469,413
2977,413
1126,413
3292,413
5859,413
435,413
2448,413
623,413
4731,413
1603,413
2496,413
4265,413
5203,413
4616,413
3635,413
1594,413
5724,413
1709,413
3475,413
5971,413
1270,413
1050,413
4906,413
3560,413
2828,413
5212,413
2705,413
4697,413
1275,413
2449,413
3431,413
2573,413
1225,413
2904,413
4666,413
1405,413
1458,413
81,413
3593,413
5115,413
5570,413
522,413
2515,413
4918,413
5529,413
3592,413
2282,413
5437,413
2864,414
3079,414
3084,414
4550,414
845,414
4725,414
1052,414
5588,414
5683,414
3735,414
4174,414
1726,414
463,414
5303,414
1919,414
2825,414
1991,414
3850,414
1159,414
711,414
4065,414
1381,414
5065,414
2283,414
709,414
5579,414
4058,414
4868,414
2183,414
3302,414
2605,414
2937,414
3296,414
5979,414
1986,414
325,414
1890,414
3838,414
759,414
409,414
3428,414
3902,414
2358,414
4890,414
5692,414
4731,414
2320,414
930,414
4649,414
5370,414
4431,414
1885,414
4953,414
1296,414
5208,414
1686,414
937,414
4304,414
2178,414
684,414
3248,414
2020,414
2356,414
5276,414
419,414
4168,414
1225,414
4225,414
1949,414
4900,414
4653,414
3827,414
3592,414
3570,414
4152,415
1991,415
857,415
1508,415
253,415
2613,415
2352,416
1520,416
367,416
2846,416
1945,416
2818,416
711,416
4254,416
3826,416
4868,416
3689,416
4836,416
5599,416
656,416
1193,416
1662,416
4334,416
4431,416
330,416
109,416
5577,416
1913,416
1973,416
4159,416
2613,416
3127,416
1247,416
4900,416
669,416
4055,417
2559,417
4673,417
5502,417
4159,417
3816,417
5788,417
314,419
5944,419
5303,419
1664,419
652,419
2153,419
1980,419
4899,419
5067,419
2773,419
5100,419
348,419
2924,419
5053,419
2470,419
1941,419
3776,420
5944,420
1072,420
3696,420
2981,420
4169,420
5331,420
3252,421
1834,421
3537,422
4144,422
2658,423
2864,423
3682,423
5644,423
1303,423
4354,423
3519,423
554,423
6000,423
3256,423
5127,423
3749,423
287,423
1487,423
762,423
1402,423
5944,424
3682,424
3037,424
4128,425
3967,425
3692,425
2375,425
2864,425
3993,425
2953,425
3547,425
2214,425
31,425
5545,425
3903,425
4736,425
5134,425
4362,425
5644,425
1235,425
5683,425
1106,425
5186,425
3862,425
3851,425
2556,425
1252,425
2662,425
2029,425
5926,425
5578,425
1891,425
554,425
1991,425
1238,425
923,425
5343,425
3482,425
3700,425
5930,425
126,425
698,425
4636,425
3749,425
5741,425
5356,425
2185,425
426,425
3129,425
4899,425
5067,425
4939,425
3211,425
927,425
1072,425
206,425
2023,425
4144,425
2126,425
656,425
2004,425
1542,425
550,425
46,425
5257,425
825,425
5100,425
5859,425
2000,425
3801,425
2604,425
2966,425
3037,425
4883,425
5493,425
1737,425
5894,425
199,425
4104,425
5004,425
4546,425
5895,425
4520,425
5587,425
1771,425
2931,425
25,425
1110,425
284,425
2757,425
4032,425
5487,425
1707,425
4674,425
4449,425
3754,425
1177,425
3060,426
150,426
2287,426
952,426
1105,426
4953,426
3037,426
2110,426
284,426
1952,428
2710,428
2330,428
2754,428
5645,428
3110,428
4085,428
5186,428
4722,428
1389,428
1533,428
4142,428
4334,428
4971,428
1941,428
4738,428
4449,428
1347,428
5100,429
2139,430
903,430
5524,430
126,430
4800,430
2605,430
1533,430
1355,430
1117,430
5565,430
952,430
4133,430
5577,430
5646,430
1771,430
1757,430
2375,431
6001,431
4257,431
3682,431
3252,431
4279,431
4390,431
48,431
3007,431
782,431
5123,431
3721,431
2185,431
1834,431
1714,431
1193,431
2580,431
4334,431
5120,431
2322,431
298,431
1080,431
5441,431
3126,431
284,431
2978,431
21,432
4062,432
2375,432
4106,432
4175,432
3206,432
2965,432
155,432
4257,432
2352,432
3849,432
5740,432
5201,432
5278,432
2861,432
2073,432
5221,432
3847,432
4152,432
3007,432
3883,432
2014,432
698,432
918,432
3182,432
1651,432
2972,432
4564,432
3302,432
2605,432
2937,432
736,432
5051,432
3211,432
3931,432
3656,432
1072,432
1237,432
3706,432
1785,432
2795,432
4144,432
1853,432
3317,432
5175,432
870,432
2695,432
3932,432
5650,432
2827,432
2847,432
5229,432
4154,432
5501,432
2243,432
1742,432
3833,432
1913,432
5971,432
2875,432
3395,432
3316,432
1826,432
2306,432
298,432
2883,432
3584,432
994,432
1489,432
284,432
1272,432
2549,432
3660,432
1347,432
4611,433
3682,433
3098,433
2990,433
5237,433
5780,433
3252,433
1213,433
3008,433
4279,433
4390,433
3713,433
2880,433
4263,433
5026,433
3327,433
3714,433
3634,433
5159,433
3854,433
2152,433
1740,433
4702,433
4765,433
4752,433
3704,433
2169,433
48,433
4796,433
3721,433
590,433
4622,433
4870,433
5592,433
1643,433
5356,433
2938,433
863,433
4178,433
1932,433
2671,433
735,433
3211,433
3728,433
349,433
3518,433
3656,433
2304,433
1834,433
1995,433
3586,433
1970,433
4837,433
550,433
2287,433
753,433
4553,433
1256,433
5013,433
1636,433
994,433
284,433
2978,433
1272,433
2042,434
74,434
4250,434
3576,435
2234,435
1339,435
4776,435
1669,435
5898,435
2189,435
144,435
5379,435
2276,435
4668,437
5127,437
2650,438
3059,439
4638,439
2555,439
3419,439
4614,440
5644,440
3029,440
2143,440
4429,440
3587,440
4081,440
186,440
3691,440
5981,440
3241,440
5451,440
1415,440
3557,440
4884,440
2802,440
3878,440
3066,440
2164,440
585,440
3536,440
1926,440
1956,440
4868,440
253,440
2937,440
1778,440
4074,440
3995,440
487,440
2512,440
1389,440
5210,440
960,440
3211,440
384,440
475,440
3416,440
2193,440
1650,440
4349,440
4288,440
1637,440
470,440
1803,440
2773,440
3060,440
1895,440
4542,440
1008,440
2319,440
216,440
732,440
23,440
1828,440
2765,440
5537,440
5617,440
1973,440
496,440
724,440
241,440
4469,440
4854,440
3498,440
3055,440
3071,440
5252,440
1532,440
4853,440
4583,440
1590,440
4797,440
0,440
4449,440
3764,440
2158,440
2658,441
1461,441
3464,441
5594,441
2145,441
5522,441
3133,441
2156,441
5412,441
48,441
812,441
3572,441
450,441
3076,441
2937,441
5330,441
3412,441
1807,441
384,441
1152,441
2246,441
4786,441
5550,441
2319,441
3629,441
5975,441
4925,441
2581,441
125,441
1771,441
3139,441
1590,441
942,441
1412,441
535,441
5273,441
1019,441
5651,442
1771,442
5213,443
4021,443
610,443
2145,443
1929,443
4266,443
2156,443
2112,443
4995,443
2231,443
126,443
5515,443
3417,443
3302,443
3407,443
2938,443
384,443
1237,443
4052,443
172,443
1803,443
5075,443
4561,443
4335,443
3185,443
3910,443
2875,443
3403,443
108,443
3166,443
345,443
3743,443
1590,443
4242,443
3764,443
2837,444
3652,444
3389,444
3668,444
3684,444
2721,444
4792,444
5293,444
2605,444
1998,444
4326,444
960,444
983,444
5723,444
5251,444
2411,444
3185,444
2675,444
5778,444
3764,444
2799,445
2690,445
820,445
1905,445
814,445
687,445
3684,445
3252,445
2156,445
606,445
2554,445
4220,445
1782,445
220,445
1166,445
2802,445
1589,445
4047,445
4768,445
126,445
1557,445
4206,445
2373,445
4843,445
1786,445
2618,445
2453,445
4899,445
5994,445
2531,445
297,445
5709,445
2660,445
5389,445
550,445
4542,445
5175,445
3724,445
4816,445
1278,445
5519,445
2120,445
2875,445
3795,445
1784,445
1437,445
1146,445
5672,445
5820,445
3679,445
224,445
888,445
2534,445
3378,445
5252,445
1590,445
3247,445
4610,445
3548,445
4449,445
2181,445
994,446
4257,447
2889,447
5926,447
3007,447
1059,447
5550,447
5218,447
5285,447
2504,447
2644,447
5809,448
1378,448
1303,448
126,448
475,448
3978,448
577,448
2773,448
5813,448
4063,448
5138,448
1276,449
1864,450
5048,450
2073,450
3211,450
1059,450
355,450
563,450
2315,451
3537,452
4138,452
3211,452
4525,453
4431,453
4237,453
5944,455
4152,455
5053,455
2229,457
1445,457
4530,457
4953,457
298,457
21,458
4790,458
5590,458
1201,458
5870,458
5323,458
3861,458
3559,459
1193,459
4169,459
3248,459
4829,460
41,460
5062,462
769,462
5972,462
5768,462
3129,463
5415,463
5872,463
4985,463
5020,463
4976,463
298,463
1757,463
711,464
4065,464
3886,464
5395,465
1896,467
711,467
4501,467
4731,467
4431,467
3621,467
2708,467
549,469
3978,469
1438,469
471,470
5665,470
3064,470
441,470
2029,470
2060,470
220,470
5303,470
711,470
1381,470
5287,470
4776,470
2967,470
1048,470
853,470
1871,470
5931,470
658,470
4168,470
5746,470
3991,470
984,470
2613,472
48,474
5127,474
4999,476
5023,476
4953,476
4115,476
4594,477
3086,477
2690,478
2603,478
4320,478
2015,478
1555,478
1816,478
3263,478
2368,478
1894,478
2745,478
5816,478
3062,478
3626,478
5168,478
1831,478
2333,478
1289,478
5379,478
1150,478
981,478
1601,478
5403,478
5500,478
2375,479
5944,479
2481,479
5238,480
29,480
5175,480
3496,480
5176,480
5616,480
3438,482
3689,482
33,482
5067,482
3211,482
1072,482
5229,482
2138,482
1771,482
284,482
4970,483
75,483
4021,483
3389,483
828,483
5197,483
1468,483
3965,483
4152,483
3018,483
185,483
126,483
1557,483
5937,483
4144,483
3978,483
5314,483
1853,483
4786,483
5550,483
550,483
3943,483
2149,483
3932,483
1536,483
2613,483
1789,483
1757,483
783,485
5555,485
4169,485
5229,485
1771,485
3841,486
3007,486
359,486
1455,486
3072,487
3422,487
4169,487
2919,488
1290,488
1237,488
2775,489
3037,489
1764,490
1980,490
1503,490
4318,490
5014,490
5066,490
1089,491
5053,491
5644,492
2325,492
4975,492
2375,493
4722,494
3317,494
2981,494
76,494
5545,496
2008,496
5644,496
4987,496
1072,496
4985,496
4334,496
298,496
1941,496
3394,496
2913,496
1262,497
918,497
5127,497
3496,497
5127,498
3496,498
2809,500
1338,500
1167,500
1059,500
1970,500
2695,500
1636,500
4500,502
2127,502
1870,502
4052,502
1382,502
4859,502
1553,502
5778,502
4281,503
31,503
5644,503
3098,503
1633,503
1213,503
465,503
5680,503
4172,503
3843,503
790,503
2565,503
4183,503
1521,503
220,503
2339,503
529,503
5062,503
1112,503
5759,503
4870,503
998,503
5592,503
1825,503
3225,503
863,503
1399,503
5306,503
2671,503
3211,503
1059,503
2900,503
4017,503
1798,503
2457,503
494,503
3702,503
1781,503
2377,503
5424,503
5754,503
5275,503
825,503
5003,503
4638,503
4142,503
4805,503
4169,503
1737,503
5643,503
428,503
2601,503
3210,503
591,503
3201,503
1351,503
2978,503
2915,503
3505,503
2680,503
1357,503
2983,503
1019,503
1347,503
2199,503
1225,504
5008,505
1891,505
3062,505
4465,505
5599,505
5377,505
321,505
3459,505
48,506
136,506
2864,507
2419,507
5095,507
4257,507
2008,507
3477,507
3072,507
165,507
1675,507
5390,507
3007,507
5470,507
3062,507
4776,507
1089,507
2185,507
1652,507
4899,507
5067,507
4660,507
293,507
29,507
577,507
1638,507
2939,507
5169,507
504,507
5298,507
3171,507
2180,507
2704,507
76,507
4219,507
5211,507
2943,508
3072,508
3833,508
29,509
3960,511
4974,511
2358,511
3674,511
3618,511
5211,511
3738,511
2056,512
1604,512
3472,512
949,512
1144,512
538,513
4169,513
3618,513
4820,514
169,514
5601,514
4359,514
4962,514
1834,514
3661,514
4158,514
504,514
2058,514
284,514
4744,514
5781,514
2330,515
792,515
2861,515
2758,515
3689,515
1963,515
1941,515
1771,515
3122,515
4695,516
4751,516
4000,516
337,516
5555,516
2682,516
2714,516
5923,516
1257,516
1641,516
2945,516
5921,516
1670,516
5493,516
826,516
72,516
5447,516
5557,516
84,516
845,517
558,517
4700,517
4137,517
2254,517
1189,517
1089,517
3749,517
3129,517
74,517
3291,517
1941,517
284,517
2644,517
3794,517
4643,517
4032,518
2766,518
1355,519
4829,519
4999,520
4532,520
43,520
3752,520
312,520
4964,520
5379,521
2074,522
5223,522
4589,522
4169,522
726,523
4257,524
4614,524
31,524
5545,524
5231,524
3007,524
2014,524
918,524
4090,524
1455,524
756,524
656,524
4859,524
5175,524
732,524
4694,524
1878,524
3787,524
5894,524
5214,524
5089,525
5884,525
1941,525
5296,525
2056,526
21,527
1931,529
4270,529
3794,529
4079,531
31,532
2916,532
828,532
3323,532
3062,532
1137,532
3619,532
3004,532
3905,532
4616,532
1438,532
76,532
3602,532
24,532
1992,532
981,532
1941,532
1028,532
5769,532
5441,532
2451,532
2864,533
2008,533
5799,533
5911,533
2569,533
5346,533
838,533
3294,533
3974,533
519,533
896,533
1697,534
1633,535
3256,535
529,535
4307,535
5872,535
4985,535
5175,535
2776,535
5229,535
1595,535
298,535
1347,535
2965,536
5683,536
711,536
2740,536
4144,536
1193,536
4731,536
4169,536
3567,536
4290,537
277,538
3652,538
4014,538
4614,538
3708,538
3361,538
482,538
1235,538
2916,538
2074,538
4137,538
2884,538
196,538
5978,538
3129,538
5223,538
756,538
2616,538
216,538
2613,538
957,538
4737,538
5252,538
1806,538
1757,538
3394,538
3122,538
637,538
1019,538
4055,539
5861,539
2522,540
810,540
2156,540
805,540
1303,540
5047,540
2701,540
5091,540
5804,540
2893,540
5582,540
2463,540
3972,540
384,540
3479,540
4193,540
3586,540
1803,540
1057,540
2396,540
1963,540
1968,540
3248,540
2110,540
298,540
1789,540
1771,540
2013,540
5013,540
4063,540
4853,540
4449,540
1265,540
2769,541
5683,541
2074,541
4628,541
4889,541
478,541
3147,541
2732,541
475,541
695,541
2290,541
2327,541
144,541
4616,541
4832,541
2120,541
5137,541
24,541
3058,541
4129,541
53,542
5008,543
12,543
5326,543
2587,543
5377,543
4115,543
2375,544
3376,544
3519,544
2802,544
129,544
619,545
2145,545
3750,545
513,545
4808,545
3024,545
4722,546
98,546
3437,548
4953,549
3524,549
21,550
4062,550
3682,550
250,550
1725,550
5627,550
2634,550
1521,550
5993,550
4752,550
373,550
5465,550
843,550
1389,550
1323,550
4578,550
5306,550
3813,550
1798,550
5397,550
4340,550
5799,550
1515,550
983,550
4147,550
5175,550
3941,550
952,550
5100,550
3510,550
3248,550
5865,550
5009,550
2462,550
2586,550
591,550
994,550
2978,550
2680,550
5901,550
2669,551
4320,551
1235,551
2080,551
3319,551
1181,551
4973,551
938,551
978,551
1834,551
178,551
4364,551
1554,551
2853,551
2593,551
550,551
4142,551
4883,551
1709,551
1314,551
1977,551
602,551
3629,551
5259,551
4156,551
489,551
3824,551
2709,551
4276,551
5781,551
2918,551
1689,551
1757,551
2983,551
2613,552
5590,553
1652,553
2038,553
3174,553
3629,553
1570,554
2154,554
4229,554
454,555
5412,555
711,555
1089,555
3129,555
2613,555
3302,556
2937,556
960,556
3069,557
785,557
1847,557
5391,557
233,557
542,557
4655,559
3749,559
863,559
2213,560
2525,560
290,560
1853,560
4877,560
1191,560
2798,560
2234,561
4202,561
2648,561
5304,561
4735,561
1498,561
169,561
3360,561
2589,561
3767,561
4790,561
2442,561
3018,561
4359,561
5180,561
3700,561
4402,561
1673,561
4254,561
3019,561
5274,561
1300,561
2758,561
2567,561
1652,561
1834,561
445,561
3661,561
3117,561
1103,561
3095,561
1674,561
4346,561
1662,561
5156,561
524,561
715,561
4803,561
1003,561
4169,561
5501,561
2360,561
2104,561
4158,561
934,561
5053,561
985,561
1771,561
994,561
2261,561
4744,561
5781,561
4032,561
2699,561
493,561
3070,561
2232,561
1269,561
939,561
3831,561
727,561
1381,564
4168,564
66,565
3576,565
2234,565
4317,565
4202,565
781,565
4668,565
5304,565
5945,565
4614,565
2330,565
5001,565
4822,565
2277,565
4974,565
2156,565
4081,565
3797,565
606,565
805,565
38,565
1108,565
3580,565
5303,565
438,565
5586,565
2204,565
4705,565
1322,565
652,565
3066,565
936,565
3081,565
585,565
2188,565
3700,565
2999,565
5065,565
3474,565
126,565
1557,565
3304,565
1091,565
1926,565
1354,565
3306,565
4979,565
4680,565
3717,565
1922,565
3436,565
4127,565
359,565
5744,565
3972,565
4771,565
583,565
1995,565
3957,565
3024,565
1970,565
3267,565
2781,565
1211,565
4287,565
3118,565
2249,565
2068,565
1421,565
5642,565
4275,565
3121,565
2202,565
1188,565
5448,565
1817,565
5755,565
2513,565
1278,565
2957,565
4209,565
715,565
1957,565
5229,565
5649,565
2613,565
1227,565
2521,565
4943,565
5511,565
2038,565
1867,565
1618,565
344,565
3452,565
1495,565
5345,565
2924,565
3863,565
3544,565
1195,565
189,565
5887,565
1288,565
4927,565
3374,565
1826,565
826,565
4737,565
4838,565
2793,565
304,565
5085,565
18,565
4729,565
519,565
1874,565
2504,565
1477,565
37,565
25,565
1080,565
2941,565
880,565
1671,565
2433,565
2564,565
4825,565
4795,565
3874,565
3734,565
2980,565
1863,565
2563,565
563,565
576,565
2819,566
2889,566
220,566
1769,566
4843,566
1253,566
2569,566
2875,566
859,566
3016,566
1941,566
4738,566
960,567
863,567
220,569
1222,570
1164,570
5603,570
4631,570
2185,570
1825,570
960,570
3060,570
2458,570
952,570
1878,570
3466,570
5711,570
1239,570
1315,570
298,570
765,570
284,570
3794,570
4449,570
5500,570
1068,570
4603,571
1697,571
1175,572
3007,572
5741,572
5209,572
5944,573
3098,573
2094,573
652,573
2972,573
550,573
2616,573
5890,573
1963,573
4372,573
1161,573
284,573
1072,575
1495,575
940,575
706,575
2765,576
1388,577
1303,577
48,577
3883,577
5065,577
3256,577
4808,577
3302,577
2937,577
1778,577
1389,577
1072,577
1803,577
5175,577
5617,577
1963,577
377,577
1977,577
2922,577
2892,577
1495,577
4168,577
284,577
318,577
877,577
3134,577
185,578
2126,578
3815,578
1806,578
2802,579
3147,579
129,579
4574,581
3376,581
1006,581
5578,581
4229,581
5877,581
5130,581
995,581
1432,581
1232,581
3250,581
1455,581
2938,581
1825,581
5560,581
4959,581
952,581
317,581
4892,581
284,581
1124,583
5265,583
4628,583
4463,583
1506,583
126,583
5937,583
5100,583
1140,583
1868,583
4403,583
3758,583
2330,584
208,584
1112,584
998,584
952,584
284,584
3519,585
1878,585
2349,586
5303,586
3478,586
2818,586
4868,586
1781,586
1123,586
2126,586
4897,586
216,586
1364,586
5035,586
4430,586
669,586
518,586
1019,586
4431,589
2925,591
687,591
4097,591
485,591
5612,591
3959,591
4771,591
420,591
4542,591
5203,591
5543,591
4209,591
1364,591
912,591
5490,591
2393,591
2008,592
4030,592
3634,592
79,592
1684,592
2388,592
554,592
5451,592
4137,592
526,592
5419,592
3669,592
4765,592
3018,592
3823,592
1558,592
3474,592
3390,592
4808,592
3329,592
5277,592
3972,592
4061,592
756,592
1803,592
223,592
5708,592
1278,592
4169,592
4508,592
1404,592
5762,592
4242,592
3662,592
1265,592
220,593
5067,593
4239,593
1968,593
957,593
2040,593
4449,593
616,594
845,594
5213,594
3701,594
3684,594
5680,594
1468,594
3996,594
416,594
3958,594
4590,594
5470,594
1226,594
4090,594
4860,594
434,594
1677,594
5842,594
4244,594
1652,594
863,594
2671,594
4471,594
4341,594
5125,594
1086,594
3586,594
146,594
294,594
4144,594
1423,594
3870,594
3428,594
5663,594
4694,594
5016,594
5537,594
5493,594
3291,594
3403,594
5957,594
3097,594
3567,594
838,594
1951,594
1789,594
4773,594
3195,594
2549,594
3764,594
1162,594
547,595
1235,595
4682,595
3205,595
644,595
2373,595
1798,595
1539,595
1663,595
1895,595
5880,595
1033,595
732,595
3506,595
5766,595
1889,595
4823,595
5490,595
3871,595
1028,595
5214,595
560,595
682,595
2680,595
403,595
5175,597
