Protein,Disease
1,97
2,97
4,97
5,97
6,97
6,159
7,97
8,97
9,97
11,97
12,97
14,97
15,97
16,97
18,97
19,97
19,159
20,97
22,97
26,97
27,97
28,97
29,97
29,159
30,97
32,97
33,97
35,97
36,97
38,97
40,97
41,97
43,97
44,97
46,97
47,97
48,97
49,97
50,97
51,97
52,97
53,97
54,97
55,97
56,97
58,97
58,159
59,97
60,97
61,97
62,97
63,97
65,97
70,97
70,159
74,97
75,97
77,97
78,97
79,97
80,97
81,97
82,97
82,159
84,97
86,97
89,97
94,97
95,97
96,97
97,97
99,97
101,97
104,97
106,97
107,97
108,97
109,97
110,97
111,97
112,97
113,97
114,97
114,159
115,97
116,97
117,97
118,97
119,97
120,97
122,97
123,97
124,97
125,97
126,97
127,97
129,97
130,159
131,97
132,97
132,159
133,97
134,97
134,159
136,97
137,97
138,97
139,97
141,97
142,97
143,97
144,97
145,97
146,97
147,97
148,97
149,97
150,97
151,97
152,97
153,97
153,159
154,97
155,97
156,97
156,159
157,97
158,97
159,97
161,97
162,97
163,97
164,97
165,97
166,97
168,97
170,97
171,97
173,97
175,97
176,97
177,97
179,97
181,97
183,97
184,97
186,159
187,97
188,97
189,97
191,97
192,97
193,97
193,159
194,97
196,97
197,97
198,97
199,97
199,159
200,97
204,97
205,97
206,97
207,97
207,159
208,97
210,97
212,159
213,97
214,97
216,97
217,97
217,159
218,97
219,97
220,97
221,97
222,97
224,97
225,97
226,97
227,97
228,97
229,97
233,97
237,97
237,159
239,97
240,97
243,97
245,97
249,97
251,97
251,159
252,97
254,97
259,97
260,97
262,159
267,97
268,97
269,97
270,97
272,97
272,159
273,97
274,97
276,97
277,97
278,97
279,97
280,97
281,97
282,97
284,97
287,97
288,97
292,97
293,97
294,97
295,97
296,97
297,97
299,97
299,159
301,97
302,97
302,159
305,97
306,97
307,97
308,97
310,97
310,159
311,97
312,97
313,97
314,97
316,97
318,97
318,159
319,97
320,97
321,97
322,97
323,97
324,97
325,97
326,97
328,97
329,97
330,97
331,97
332,159
333,97
334,97
335,97
337,97
338,97
340,97
341,97
342,97
343,97
345,97
346,97
347,97
348,97
349,97
352,97
353,97
354,97
355,97
356,97
356,159
358,97
360,97
361,97
365,97
367,97
368,97
369,97
370,97
371,97
373,97
373,159
375,97
376,97
377,97
378,97
379,97
380,97
382,97
383,97
384,97
386,97
388,97
389,97
390,159
391,97
394,97
395,97
396,97
396,159
397,97
399,97
400,97
401,97
402,97
404,97
405,97
406,97
407,97
408,97
408,159
409,97
410,97
411,97
412,97
413,97
414,97
415,97
416,97
419,97
419,159
420,97
422,97
423,97
424,97
425,97
426,97
429,97
430,97
431,97
431,159
433,97
437,97
438,97
439,97
439,159
440,97
444,97
445,97
446,97
446,159
448,97
451,97
452,97
453,97
454,97
455,97
456,97
458,97
459,97
459,159
460,97
461,97
462,97
463,97
464,97
465,97
466,97
467,97
468,97
469,97
471,97
472,97
472,159
474,97
475,97
476,97
477,97
478,97
479,97
480,97
481,97
481,213
483,97
484,97
484,159
485,97
487,97
488,97
489,97
490,97
491,97
492,97
493,97
495,97
496,97
497,97
498,97
499,97
500,97
501,97
502,97
505,97
507,97
508,97
509,97
510,97
512,97
513,97
514,97
515,97
516,97
519,97
521,97
522,97
524,97
525,97
526,97
527,97
529,97
531,97
534,97
536,97
537,97
538,97
540,97
542,97
543,97
544,97
544,159
547,97
548,97
549,97
550,97
551,97
552,97
552,159
553,97
554,97
555,97
556,97
557,97
559,97
560,97
561,97
563,97
564,97
565,97
566,97
566,159
567,97
568,97
569,97
570,97
571,97
572,97
575,97
576,97
576,159
578,97
580,97
581,97
582,97
583,97
583,159
585,97
586,97
587,97
588,97
589,97
590,97
591,97
592,97
592,159
593,97
593,159
594,97
597,97
599,97
600,97
601,97
603,97
604,97
605,97
606,97
607,97
608,97
609,97
610,97
612,97
612,159
613,97
614,97
615,97
617,97
617,159
619,97
621,97
622,97
623,97
625,97
626,97
627,97
628,97
629,97
630,97
631,97
632,97
633,97
634,97
634,159
636,97
637,97
637,159
638,97
639,97
639,159
640,97
641,97
642,97
642,159
643,97
646,159
647,97
649,97
649,159
652,97
653,97
655,97
656,97
657,97
658,97
659,97
660,97
661,97
662,97
663,97
664,97
666,97
668,97
669,97
669,159
670,97
671,159
674,97
676,97
676,159
677,97
678,97
679,97
679,159
680,97
681,97
683,97
684,97
685,97
686,97
688,97
688,159
689,97
689,159
690,97
691,97
691,159
692,97
693,97
695,97
696,97
698,97
699,97
700,97
701,97
702,97
703,97
704,97
705,97
707,97
708,97
709,97
711,97
712,97
714,97
715,97
715,159
716,97
717,97
718,159
719,97
720,97
723,97
725,97
727,97
731,97
732,97
733,97
734,97
735,97
736,97
738,97
740,97
740,159
742,97
743,97
744,97
745,97
746,97
747,97
748,97
750,97
750,159
751,97
752,97
753,97
754,97
755,97
755,159
756,97
757,159
758,97
759,97
760,97
760,159
761,159
762,97
763,97
763,159
764,97
765,97
766,97
769,97
770,97
771,97
773,97
774,97
775,97
776,97
776,159
777,97
778,97
779,97
782,97
783,97
785,159
786,97
787,97
788,97
789,97
795,97
796,159
797,97
799,97
801,97
801,159
803,97
804,97
805,97
811,97
812,97
813,97
816,97
817,97
821,97
823,97
823,159
826,97
827,97
828,97
829,97
830,97
831,97
832,97
834,97
835,97
836,97
837,97
839,97
840,97
841,97
842,97
845,97
848,97
849,97
850,97
851,97
851,159
853,97
854,97
855,97
858,97
859,97
862,97
865,97
867,97
868,97
868,159
869,97
870,97
871,97
873,97
874,97
875,97
875,159
876,97
877,97
878,97
880,97
881,97
882,97
883,97
884,97
885,97
886,97
887,97
888,97
889,97
893,97
894,97
895,97
896,97
898,97
899,97
900,97
902,97
903,97
904,97
905,97
907,97
908,97
909,97
910,97
911,97
912,97
913,97
914,97
915,97
917,97
918,97
919,97
919,159
920,97
921,97
922,97
923,97
924,97
924,159
925,97
926,97
927,97
928,97
932,97
933,97
935,97
936,97
937,97
937,159
939,97
940,97
942,97
943,97
944,97
945,97
946,97
947,97
948,97
950,97
951,97
952,97
953,97
954,97
955,97
955,159
957,97
958,97
959,97
960,97
961,97
962,97
963,97
966,97
967,97
968,97
968,159
969,97
970,97
971,97
972,97
973,97
974,97
975,97
976,97
977,97
978,97
979,97
980,97
982,97
983,97
984,97
985,97
986,97
990,97
991,97
992,97
992,159
993,97
995,97
996,97
998,97
1000,97
1001,97
1004,97
1005,97
1006,97
1007,97
1008,97
1009,97
1009,159
1010,97
1011,97
1012,97
1012,159
1013,97
1014,97
1015,97
1016,97
1017,97
1018,97
1019,97
1020,97
1022,97
1023,97
1024,97
1025,97
1026,97
1027,97
1029,97
1030,97
1031,97
1032,97
1034,97
1037,97
1038,97
1040,97
1041,97
1043,97
1044,97
1045,97
1046,97
1048,97
1049,97
1050,97
1051,97
1052,97
1053,97
1055,97
1056,97
1058,97
1059,97
1060,97
1061,97
1063,97
1064,97
1065,97
1066,97
1067,97
1068,97
1069,97
1071,97
1072,97
1073,97
1075,97
1076,97
1078,97
1079,97
1080,97
1081,97
1082,97
1086,97
1086,159
1089,97
1091,97
1092,97
1093,97
1093,159
1094,97
1094,159
1095,97
1096,97
1097,97
1098,97
1099,97
1100,97
1100,159
1102,97
1103,97
1104,97
1106,97
1106,159
1107,97
1109,97
1110,97
1111,97
1112,97
1114,97
1115,97
1116,97
1119,97
1121,97
1122,97
1123,159
1127,97
1128,97
1129,97
1130,97
1131,97
1131,159
1132,97
1133,97
1134,97
1134,159
1135,97
1136,97
1137,97
1138,97
1139,97
1140,97
1141,97
1142,97
1143,97
1144,97
1144,159
1145,97
1145,159
1146,97
1147,97
1148,97
1149,97
1150,97
1151,97
1152,97
1154,97
1155,97
1156,97
1157,97
1158,97
1159,97
1159,159
1160,97
1161,97
1162,97
1164,97
1165,97
1167,97
1168,97
1169,97
1171,97
1172,97
1173,97
1174,97
1175,97
1175,159
1177,79
1177,97
1177,159
1182,97
1185,97
1185,159
1186,97
1187,97
1188,97
1189,97
1190,97
1191,97
1192,97
1193,97
1194,97
1195,97
1197,97
1197,159
1199,97
1200,97
1201,159
1202,97
1203,97
1204,97
1207,97
1209,97
1210,97
1211,97
1213,97
1214,97
1215,97
1216,97
1218,97
1220,97
1221,97
1222,97
1226,97
1227,97
1228,97
1230,97
1231,97
1233,97
1234,97
1236,97
1237,97
1239,97
1242,97
1244,97
1245,97
1246,97
1247,97
1249,97
1250,97
1252,97
1255,97
1256,159
1257,97
1258,97
1259,97
1261,97
1263,97
1267,97
1268,97
1270,97
1271,97
1273,97
1274,97
1276,97
1277,97
1278,97
1279,97
1280,97
1281,97
1282,97
1284,97
1285,97
1286,97
1287,97
1288,97
1289,97
1291,97
1292,97
1293,97
1295,97
1296,97
1297,97
1298,97
1299,97
1300,97
1302,97
1304,97
1305,97
1307,159
1308,97
1309,97
1310,97
1311,97
1312,97
1314,97
1315,97
1316,97
1317,97
1318,97
1320,97
1321,97
1322,97
1323,97
1325,97
1327,97
1329,97
1330,97
1331,97
1332,97
1333,97
1337,97
1339,97
1342,97
1344,97
1344,190
1346,97
1347,97
1349,97
1350,97
1353,97
1354,159
1355,97
1358,97
1359,97
1361,97
1362,97
1362,159
1363,97
1364,97
1365,97
1366,97
1368,97
1369,97
1370,97
1372,97
1373,97
1374,97
1375,97
1376,97
1376,159
1377,97
1378,97
1380,97
1381,97
1383,97
1384,97
1385,97
1386,97
1386,159
1388,159
1389,97
1390,97
1391,97
1394,97
1396,97
1398,97
1399,97
1401,97
1402,97
1403,97
1403,159
1404,97
1405,97
1407,97
1408,97
1409,97
1410,97
1410,159
1411,97
1412,97
1413,97
1414,97
1415,97
1416,97
1417,97
1418,97
1419,97
1420,97
1421,97
1421,159
1422,97
1424,97
1425,97
1426,97
1427,97
1428,97
1429,97
1431,97
1432,97
1433,97
1434,97
1434,159
1435,97
1436,97
1437,97
1437,159
1438,97
1440,97
1442,97
1443,97
1444,97
1445,97
1447,97
1448,97
1449,97
1450,97
1450,159
1451,97
1452,97
1453,97
1454,97
1455,97
1455,159
1456,159
1457,97
1458,97
1459,97
1460,97
1461,97
1462,97
1463,97
1464,97
1465,97
1466,97
1468,159
1470,97
1471,97
1472,97
1473,97
1474,97
1475,97
1476,97
1477,97
1478,97
1479,97
1480,97
1481,97
1482,97
1483,97
1484,97
1485,97
1486,97
1487,97
1489,97
1490,97
1490,159
1492,97
1494,97
1495,97
1497,97
1498,97
1500,97
1501,97
1502,97
1503,97
1504,97
1505,97
1506,97
1507,97
1508,97
1509,97
1510,97
1513,97
1514,97
1514,159
1515,97
1516,97
1517,97
1518,97
1521,97
1522,97
1523,97
1524,97
1527,97
1527,159
1528,97
1531,97
1532,97
1533,97
1534,97
1535,97
1537,97
1538,97
1539,97
1543,97
1544,97
1545,97
1548,97
1549,97
1550,97
1551,97
1552,97
1553,97
1555,97
1555,135
1556,97
1558,97
1559,97
1561,97
1562,97
1564,97
1565,97
1565,159
1566,97
1568,97
1569,97
1571,97
1573,97
1574,97
1575,97
1576,97
1577,97
1578,97
1579,97
1580,97
1581,97
1582,97
1583,97
1584,97
1585,97
1585,159
1587,97
1589,97
1589,159
1590,97
1593,97
1594,97
1596,97
1596,159
1599,97
1600,97
1601,97
1602,97
1603,97
1604,97
1605,97
1606,97
1607,97
1608,97
1609,97
1610,97
1611,97
1612,97
1613,97
1614,97
1615,97
1616,97
1616,159
1617,97
1618,97
1619,97
1621,97
1621,159
1622,97
1623,97
1624,97
1625,97
1626,97
1627,97
1628,97
1629,97
1629,159
1630,97
1631,97
1632,97
1633,97
1634,97
1636,97
1638,97
1640,97
1641,97
1641,159
1642,97
1643,97
1644,97
1645,97
1645,159
1646,97
1646,159
1647,97
1647,159
1648,97
1649,97
1650,97
1651,97
1653,97
1654,97
1656,97
1656,159
1657,97
1658,97
1659,97
1660,97
1661,97
1662,97
1663,97
1664,97
1665,97
1666,97
1667,97
1669,97
1670,97
1671,97
1672,97
1672,159
1673,97
1674,97
1675,97
1676,97
1677,97
1678,97
1678,225
1679,97
1680,97
1681,97
1682,97
1683,97
1685,97
1686,97
1687,97
1689,97
1689,159
1690,97
1691,97
1692,97
1693,97
1694,97
1695,97
1696,97
1697,97
1703,97
1704,97
1705,97
1706,97
1708,97
1708,159
1709,97
1711,97
1712,97
1713,97
1715,97
1716,97
1717,97
1718,97
1719,97
1720,97
1722,97
1724,97
1725,97
1726,97
1727,97
1731,97
1734,97
1735,97
1735,159
1737,97
1738,97
1739,97
1741,97
1742,97
1743,97
1744,97
1747,97
1749,97
1750,97
1751,97
1752,97
1752,159
1753,97
1754,97
1757,97
1757,159
1759,97
1760,97
1761,97
1761,159
1762,97
1764,97
1766,97
1767,97
1768,97
1769,97
1770,97
1771,97
1771,276
1772,97
1773,97
1775,97
1776,97
1777,97
1778,97
1778,159
1780,97
1781,97
1782,97
1783,97
1784,97
1785,97
1786,97
1787,97
1788,97
1790,97
1791,97
1793,97
1794,97
1795,97
1798,97
1799,97
1800,97
1801,97
1802,97
1803,97
1804,97
1806,97
1806,159
1807,97
1810,97
1813,97
1815,97
1816,97
1817,97
1818,97
1820,97
1820,159
1821,97
1826,97
1827,97
1828,97
1829,97
1830,97
1831,97
1832,97
1832,159
1833,295
1834,97
1834,159
1835,97
1836,97
1837,97
1838,97
1839,97
1840,97
1841,97
1843,97
1844,97
1845,97
1846,97
1847,97
1848,97
1849,97
1850,97
1853,97
1854,97
1855,97
1856,97
1857,97
1858,97
1861,97
1863,97
1864,97
1865,97
1866,97
1867,97
1868,97
1869,97
1870,97
1870,159
1871,97
1872,97
1873,97
1874,97
1875,97
1876,97
1877,97
1879,97
1880,97
1881,97
1882,97
1882,159
1884,97
1885,97
1886,97
1887,97
1888,97
1889,97
1893,97
1893,159
1894,97
1895,97
1895,159
1896,97
1897,97
1899,97
1900,97
1903,97
1904,97
1905,97
1906,97
1910,97
1911,97
1913,97
1914,97
1916,97
1919,97
1920,97
1922,97
1923,97
1924,97
1925,97
1927,97
1928,97
1929,97
1930,97
1931,97
1932,97
1934,97
1937,97
1938,97
1938,159
1939,97
1940,97
1942,97
1943,97
1944,97
1947,97
1949,97
1950,97
1951,159
1952,97
1952,159
1953,97
1954,97
1956,97
1957,97
1958,97
1959,97
1961,97
1962,97
1963,97
1963,159
1964,97
1965,97
1965,159
1966,97
1967,97
1967,159
1968,97
1969,97
1970,97
1971,97
1972,97
1973,97
1973,159
1974,97
1975,97
1976,97
1977,97
1979,97
1980,97
1981,97
1984,97
1984,159
1985,97
1986,97
1988,97
1989,97
1989,159
1990,97
1993,97
1994,97
1995,97
1996,97
1997,97
1998,97
1998,159
2002,97
2003,97
2005,97
2006,97
2007,97
2007,159
2008,97
2009,97
2010,97
2011,97
2012,97
2012,159
2014,97
2015,97
2015,159
2016,97
2017,97
2018,97
2018,159
2019,97
2020,97
2021,97
2021,159
2022,97
2023,97
2024,97
2025,97
2026,97
2027,97
2028,97
2029,97
2029,159
2030,97
2031,97
2032,97
2033,97
2034,97
2036,97
2037,97
2038,97
2039,97
2040,97
2041,97
2042,97
2043,97
2043,159
2045,97
2046,97
2047,97
2050,97
2051,97
2052,97
2053,97
2054,97
2055,97
2056,97
2057,97
2058,97
2060,97
2061,97
2062,97
2064,97
2065,97
2066,97
2067,97
2068,97
2069,97
2070,97
2071,97
2072,97
2073,97
2074,97
2074,159
2075,97
2076,97
2077,97
2081,97
2082,97
2083,97
2083,159
2084,97
2085,97
2086,97
2087,97
2088,97
2089,97
2090,97
2091,97
2092,97
2093,159
2094,97
2095,97
2096,97
2096,159
2097,97
2099,97
2099,159
2100,97
2101,97
2102,97
2103,97
2104,97
2105,97
2106,97
2107,97
2108,97
2109,97
2110,97
2110,159
2111,97
2112,97
2113,159
2114,97
2115,97
2117,97
2118,97
2120,97
2121,97
2121,159
2122,97
2123,97
2124,97
2127,97
2129,97
2130,97
2131,97
2132,97
2134,135
2135,97
2136,97
2137,97
2138,97
2139,97
2141,97
2142,97
2143,97
2144,97
2145,97
2146,97
2147,97
2149,97
2150,97
2151,97
2152,97
2155,97
2156,97
2157,97
2158,97
2159,97
2162,97
2163,97
2164,97
2165,97
2167,97
2168,97
2169,97
2173,97
2176,97
2177,97
2181,97
2181,159
2183,97
2185,97
2187,97
2195,97
2196,97
2197,97
2198,97
2199,97
2200,97
2202,97
2207,97
2208,97
2209,97
2211,97
2212,97
2214,97
2214,159
2215,97
2217,97
2222,97
2223,97
2224,71
2224,97
2225,97
2227,97
2228,97
2229,97
2230,97
2231,97
2232,97
2233,97
2234,97
2235,97
2237,97
2237,159
2238,97
2239,97
2240,97
2242,97
2244,97
2247,97
2249,97
2252,97
2254,97
2255,97
2256,97
2257,97
2257,159
2258,97
2261,97
2262,97
2263,97
2264,97
2265,97
2268,97
2269,97
2270,97
2273,97
2274,97
2275,97
2276,97
2278,97
2279,97
2280,97
2282,97
2282,159
2284,97
2285,97
2287,97
2288,97
2290,97
2291,97
2292,97
2293,97
2295,97
2296,97
2297,97
2298,97
2299,97
2300,97
2302,97
2303,97
2303,159
2304,97
2305,97
2305,159
2308,97
2309,97
2310,97
2311,97
2311,159
2312,97
2315,97
2317,97
2318,97
2319,97
2320,97
2321,97
2322,97
2323,97
2324,97
2325,97
2326,97
2326,159
2327,97
2328,97
2329,97
2330,97
2333,97
2334,97
2335,97
2337,97
2339,97
2340,97
2341,97
2342,97
2343,97
2344,97
2345,97
2346,97
2347,97
2350,97
2352,97
2353,97
2354,97
2355,97
2356,97
2357,97
2358,97
2359,97
2360,97
2361,97
2362,97
2363,97
2364,97
2365,97
2365,159
2367,97
2368,97
2369,97
2370,97
2371,97
2372,97
2373,97
2374,97
2375,97
2376,97
2377,97
2378,97
2380,97
2382,97
2384,97
2385,97
2387,97
2389,97
2390,97
2392,97
2393,97
2394,97
2394,159
2397,97
2398,97
2399,97
2400,97
2401,97
2403,97
2405,97
2405,159
2406,97
2407,97
2408,97
2409,97
2410,97
2412,97
2413,97
2414,97
2414,159
2415,97
2416,97
2421,97
2422,97
2424,97
2425,97
2426,97
2428,97
2428,159
2429,97
2430,97
2432,97
2433,97
2435,97
2436,97
2436,159
2440,97
2440,159
2441,97
2441,159
2442,97
2443,97
2444,97
2444,159
2445,97
2448,97
2449,97
2450,97
2451,97
2454,97
2455,97
2456,97
2457,97
2458,97
2458,159
2459,97
2461,97
2462,97
2462,135
2463,97
2465,97
2467,97
2468,97
2470,97
2471,97
2474,97
2475,97
2478,97
2480,97
2481,97
2483,97
2483,159
2485,97
2486,97
2487,97
2488,97
2488,159
2489,97
2490,97
2490,159
2491,97
2492,97
2493,97
2497,97
2498,97
2499,97
2501,97
2502,97
2503,97
2504,97
2506,97
2506,159
2508,97
2510,97
2513,97
2514,97
2516,97
2518,97
2519,97
2523,97
2524,97
2525,97
2529,97
2530,97
2531,97
2531,159
2532,97
2533,97
2534,97
2534,159
2535,97
2537,97
2538,97
2539,97
2540,97
2541,97
2544,97
2545,97
2546,97
2547,97
2547,159
2548,97
2548,159
2549,97
2550,97
2551,97
2553,97
2553,159
2555,97
2556,97
2557,97
2557,159
2558,97
2559,97
2560,97
2561,97
2562,97
2564,97
2565,97
2566,97
2567,97
2567,159
2568,97
2569,97
2573,97
2574,97
2576,97
2577,97
2579,97
2581,97
2584,97
2585,97
2587,97
2587,159
2590,97
2590,159
2591,97
2593,97
2594,97
2595,97
2596,97
2598,97
2599,97
2600,97
2601,97
2602,97
2603,97
2607,97
2608,97
2609,97
2610,97
2611,159
2612,97
2613,97
2614,97
2617,97
2618,97
2621,97
2622,97
2623,97
2625,97
2626,97
2629,97
2630,97
2631,97
2632,97
2633,97
2634,97
2636,97
2637,97
2638,97
2639,97
2640,97
2641,97
2642,97
2643,97
2643,159
2645,97
2646,97
2647,97
2648,97
2649,97
2650,97
2650,159
2652,97
2653,97
2654,97
2655,97
2656,97
2657,97
2658,97
2659,97
2659,159
2660,97
2660,159
2661,97
2662,97
2663,97
2664,97
2666,97
2667,97
2668,97
2670,97
2672,97
2672,159
2673,97
2674,97
2675,97
2677,97
2678,97
2681,97
2683,97
2686,97
2687,97
2689,97
2691,97
2692,159
2693,97
2694,97
2695,97
2697,97
2698,97
2699,97
2700,97
2701,292
2702,97
2703,97
2706,97
2707,97
2709,97
2710,97
2712,97
2714,97
2715,97
2716,97
2717,97
2718,97
2719,97
2720,97
2721,97
2724,97
2729,97
2730,97
2732,97
2733,97
2734,97
2736,97
2738,97
2739,97
2740,97
2742,97
2743,97
2744,97
2745,97
2746,97
2747,97
2748,97
2749,97
2751,97
2752,97
2752,159
2755,97
2756,97
2758,97
2759,97
2760,97
2761,97
2763,97
2765,97
2767,97
2768,97
2771,97
2772,97
2773,97
2774,97
2774,159
2775,97
2776,97
2777,97
2778,97
2779,97
2780,97
2784,97
2789,97
2790,97
2791,97
2791,159
2793,97
2795,97
2796,97
2796,159
2797,97
2797,159
2799,97
2799,159
2800,97
2801,97
2802,97
2803,97
2804,97
2805,97
2807,97
2809,97
2812,97
2813,97
2814,97
2815,97
2819,97
2821,97
2822,97
2823,97
2824,97
2826,97
2827,97
2829,97
2830,97
2831,97
2833,97
2836,97
2837,97
2838,97
2839,97
2843,97
2844,97
2844,159
2845,97
2847,97
2848,97
2848,159
2849,97
2851,97
2852,97
2854,97
2855,97
2857,97
2860,97
2861,97
2862,97
2863,97
2864,97
2865,97
2868,97
2869,97
2869,159
2871,97
2872,97
2873,97
2875,97
2877,97
2878,97
2881,97
2882,97
2886,97
2888,97
2889,97
2890,97
2891,97
2892,97
2894,97
2895,97
2897,97
2898,97
2901,97
2903,97
2904,97
2908,97
2911,97
2912,97
2912,159
2915,97
2917,97
2918,97
2919,97
2921,97
2923,97
2926,40
2926,97
2928,97
2934,97
2935,97
2935,159
2936,97
2937,97
2938,97
2939,97
2939,135
2940,97
2942,97
2943,97
2945,97
2946,97
2947,97
2949,97
2950,97
2951,97
2952,97
2952,159
2953,97
2954,97
2956,97
2958,97
2959,97
2959,159
2960,97
2961,97
2962,97
2963,97
2964,97
2965,97
2966,97
2967,97
2968,97
2968,159
2971,97
2973,97
2974,97
2976,97
2977,97
2979,97
2980,97
2981,97
2982,97
2983,97
2984,159
2985,97
2987,97
2988,97
2991,97
2994,159
2997,97
2998,97
2999,97
3000,97
3001,97
3002,97
3003,97
3003,159
3004,97
3005,97
3007,97
3008,97
3009,97
3010,97
3011,97
3012,97
3013,97
3014,97
3015,97
3017,97
3017,159
3018,97
3019,97
3021,97
3022,97
3023,97
3027,97
3028,97
3029,97
3029,159
3030,97
3031,97
3032,97
3035,97
3035,159
3036,97
3037,97
3038,97
3039,97
3040,97
3041,97
3043,97
3044,97
3045,97
3046,97
3047,97
3049,97
3050,97
3053,97
3053,159
3054,97
3055,97
3056,97
3057,97
3058,97
3059,97
3059,159
3060,97
3061,97
3062,97
3063,97
3064,97
3067,97
3068,97
3069,97
3070,97
3071,97
3072,97
3074,97
3076,97
3079,97
3079,159
3081,97
3083,97
3084,34
3084,97
3085,97
3088,97
3090,97
3092,97
3093,97
3095,97
3096,97
3097,97
3099,97
3101,97
3102,97
3103,97
3104,97
3105,97
3106,97
3108,97
3109,97
3110,97
3113,97
3113,159
3114,97
3115,97
3116,97
3117,97
3118,97
3119,97
3120,97
3121,97
3124,97
3126,97
3127,97
3129,97
3130,97
3131,97
3132,97
3133,97
3134,97
3137,97
3138,97
3139,97
3140,97
3141,97
3142,97
3143,97
3145,97
3146,97
3147,97
3148,97
3149,97
3151,97
3152,97
3153,97
3155,97
3156,97
3159,97
3162,97
3163,97
3164,97
3165,97
3165,159
3166,97
3167,97
3167,159
3168,97
3170,97
3172,97
3173,97
3175,97
3179,97
3181,97
3182,97
3182,159
3184,97
3185,97
3186,97
3188,97
3188,159
3192,97
3193,97
3195,97
3196,97
3197,97
3198,97
3199,97
3202,79
3202,97
3204,97
3205,97
3207,97
3208,97
3211,97
3212,97
3214,97
3215,97
3216,97
3216,159
3219,97
3220,97
3221,97
3223,97
3224,97
3224,159
3225,97
3226,97
3227,97
3229,97
3230,97
3231,97
3232,97
3234,97
3236,97
3236,159
3237,97
3237,159
3239,97
3240,97
3242,97
3243,97
3245,97
3246,97
3247,97
3248,97
3249,97
3253,97
3254,97
3254,159
3255,97
3256,97
3257,97
3258,97
3258,159
3259,97
3260,97
3261,97
3262,97
3262,159
3266,97
3268,97
3269,97
3270,97
3271,97
3271,159
3272,97
3273,97
3274,97
3275,97
3276,97
3277,97
3279,97
3280,97
3281,97
3288,97
3289,97
3292,97
3293,97
3294,97
3295,97
3296,97
3298,97
3300,97
3301,97
3304,97
3305,97
3307,97
3309,97
3310,97
3311,97
3311,159
3312,97
3315,97
3316,97
3317,97
3318,97
3319,97
3320,97
3321,97
3323,97
3326,97
3330,97
3331,97
3332,97
3332,159
3333,97
3334,97
3335,97
3336,97
3337,97
3338,97
3338,159
3339,97
3340,97
3343,97
3344,97
3345,97
3346,159
3347,97
3349,97
3350,97
3353,97
3354,97
3355,97
3356,97
3356,159
3358,97
3359,97
3359,159
3360,97
3362,97
3363,97
3364,97
3365,97
3366,97
3368,97
3371,97
3372,97
3373,97
3374,97
3375,97
3376,97
3377,97
3378,97
3379,97
3380,97
3381,97
3382,97
3382,159
3383,97
3388,97
3389,97
3389,159
3391,97
3394,97
3395,97
3395,159
3396,97
3397,97
3398,97
3399,97
3400,97
3401,97
3402,97
3403,97
3404,97
3405,97
3406,97
3408,97
3410,97
3411,97
3412,97
3414,97
3415,97
3417,97
3417,159
3418,97
3419,97
3420,97
3421,97
3422,97
3425,97
3425,159
3426,97
3429,97
3430,97
3431,97
3431,159
3434,97
3435,97
3438,97
3439,97
3440,79
3441,97
3442,97
3444,97
3446,97
3447,97
3449,97
3451,97
3454,97
3455,97
3456,97
3459,97
3460,97
3461,97
3462,97
3463,97
3464,97
3465,97
3466,97
3467,97
3468,97
3469,97
3470,97
3471,97
3471,159
3474,97
3477,97
3480,97
3482,97
3485,97
3487,97
3489,97
3491,97
3491,159
3494,97
3495,97
3496,97
3498,97
3500,97
3503,97
3504,97
3506,97
3507,97
3508,97
3513,97
3514,97
3518,97
3519,97
3521,97
3525,97
3527,97
3528,97
3530,97
3531,97
3535,97
3536,97
3536,159
3537,97
3538,97
3539,97
3540,97
3541,97
3542,97
3543,97
3543,159
3544,97
3546,97
3549,97
3550,97
3554,97
3555,97
3556,97
3557,97
3558,97
3559,97
3560,97
3561,97
3564,97
3566,97
3567,97
3568,97
3570,97
3572,97
3577,97
3579,97
3580,97
3581,97
3582,97
3582,159
3583,97
3584,97
3584,159
3585,97
3586,97
3587,97
3588,97
3588,159
3589,97
3590,97
3592,97
3593,97
3594,97
3596,97
3598,97
3599,97
3603,97
3604,97
3605,97
3606,97
3607,97
3608,97
3609,97
3610,97
3610,159
3611,97
3612,97
3613,97
3614,97
3615,97
3616,97
3616,159
3617,97
3618,97
3619,97
3620,97
3621,97
3623,97
3624,97
3625,97
3626,97
3627,97
3628,97
3630,97
3630,159
3631,97
3633,97
3635,97
3635,159
3636,97
3638,97
3639,97
3640,97
3642,97
3643,97
3644,97
3645,97
3646,97
3647,97
3648,97
3648,159
3649,97
3650,97
3651,97
3652,97
3655,97
3657,97
3658,97
3659,97
3660,97
3661,97
3662,97
3664,97
3665,97
3666,97
3667,97
3668,97
3668,159
3670,97
3671,97
3672,97
3674,97
3675,97
3677,97
3678,97
3680,97
3681,97
3682,97
3683,97
3686,97
3687,97
3688,97
3691,97
3692,97
3693,97
3694,97
3696,97
3697,97
3698,97
3699,97
3700,97
3701,97
3703,97
3705,97
3706,97
3708,97
3709,97
3710,97
3713,97
3714,97
3718,97
3719,97
3720,97
3722,97
3723,97
3724,97
3725,97
3726,97
3727,97
3729,97
3730,97
3731,97
3731,159
3732,97
3734,97
3735,97
3736,159
3737,97
3738,97
3739,97
3740,97
3741,97
3743,97
3744,97
3745,97
3746,97
3747,97
3748,159
3750,97
3752,97
3753,97
3754,97
3755,97
3757,97
3758,97
3759,97
3761,97
3762,97
3763,97
3764,97
3765,97
3766,97
3767,97
3768,97
3769,97
3770,97
3771,97
3772,97
3773,97
3774,97
3775,97
3775,159
3776,97
3776,159
3777,97
3778,97
3779,97
3781,97
3782,97
3783,97
3784,97
3785,97
3789,97
3790,97
3792,97
3794,97
3795,97
3796,97
3797,97
3798,97
3800,97
3801,97
3802,97
3803,97
3804,97
3806,97
3807,97
3809,97
3811,97
3812,97
3813,97
3814,97
3815,97
3816,97
3818,97
3819,97
3821,97
3824,97
3824,159
3825,97
3826,97
3827,97
3828,97
3830,97
3831,97
3832,97
3833,97
3834,97
3835,97
3836,97
3837,97
3838,97
3839,97
3840,97
3842,97
3843,97
3844,97
3845,97
3846,97
3847,97
3848,97
3849,97
3850,97
3851,97
3852,97
3853,97
3854,97
3855,97
3856,97
3857,97
3858,97
3859,97
3860,97
3861,97
3862,97
3864,97
3865,97
3867,97
3868,97
3869,97
3874,97
3875,97
3876,97
3877,97
3878,97
3879,97
3881,97
3884,97
3888,97
3889,97
3890,97
3890,159
3891,97
3892,97
3894,97
3895,97
3897,97
3898,97
3898,251
3900,97
3901,97
3902,97
3903,97
3904,97
3905,97
3905,159
3906,97
3910,97
3911,97
3912,97
3912,159
3915,97
3916,97
3917,97
3918,97
3919,97
3920,97
3920,159
3921,97
3922,97
3923,97
3925,97
3925,159
3928,97
3929,97
3930,97
3931,159
3933,97
3934,97
3935,97
3935,159
3936,97
3937,97
3938,97
3939,97
3940,97
3941,97
3941,159
3942,97
3942,159
3943,97
3944,97
3945,97
3947,97
3948,97
3949,97
3950,97
3951,97
3953,97
3954,97
3956,97
3958,97
3959,159
3961,97
3962,97
3963,97
3965,97
3966,97
3967,97
3969,97
3970,97
3971,97
3971,159
3973,97
3974,97
3977,97
3978,97
3979,97
3980,97
3982,97
3984,97
3986,97
3989,97
3995,97
4001,97
4009,97
4010,97
4011,97
4012,97
4013,97
4016,97
4016,159
4018,97
4019,97
4021,97
4022,97
4023,97
4025,97
4027,97
4027,159
4028,97
4028,159
4030,97
4031,97
4032,97
4033,97
4033,159
4035,97
4036,97
4037,97
4037,159
4043,97
4044,97
4045,97
4046,97
4047,97
4048,97
4050,97
4051,97
4054,97
4055,97
4055,159
4056,97
4057,97
4058,97
4059,97
4060,97
4062,97
4063,97
4066,97
4067,97
4068,97
4071,97
4072,97
4073,97
4074,97
4075,97
4078,97
4079,97
4080,97
4081,97
4082,97
4084,97
4085,97
4087,97
4088,97
4089,97
4090,97
4092,97
4092,159
4096,97
4098,97
4099,97
4100,97
4101,97
4102,97
4103,97
4104,97
4105,97
4108,97
4109,97
4111,97
4112,97
4113,97
4115,97
4115,159
4116,97
4117,97
4118,97
4119,97
4120,97
4121,97
4124,97
4125,97
4126,97
4127,97
4128,97
4129,97
4130,97
4131,97
4132,97
4133,97
4134,97
4135,97
4138,97
4139,97
4140,97
4143,97
4144,97
4145,97
4146,97
4148,97
4150,97
4152,97
4155,97
4156,97
4156,159
4158,97
4159,97
4160,97
4161,97
4162,97
4167,97
4168,97
4169,97
4172,97
4174,97
4175,97
4177,97
4178,97
4179,159
4180,97
4181,97
4182,97
4183,97
4185,97
4186,97
4187,97
4188,97
4189,97
4190,97
4191,97
4193,97
4194,97
4195,97
4196,97
4197,97
4199,97
4200,97
4201,97
4202,97
4203,97
4204,97
4205,97
4207,97
4208,97
4209,97
4210,97
4211,97
4212,97
4213,159
4214,97
4215,97
4216,97
4217,97
4218,97
4219,97
4220,97
4222,97
4223,97
4223,159
4224,97
4225,97
4226,97
4227,97
4228,97
4229,97
4230,97
4231,97
4232,97
4232,159
4234,97
4235,97
4235,159
4237,97
4238,97
4239,97
4241,97
4242,97
4242,192
4243,97
4243,159
4247,97
4248,97
4249,97
4250,97
4251,97
4252,97
4254,97
4255,97
4257,97
4258,97
4260,97
4263,97
4265,97
4267,97
4269,97
4270,97
4271,97
4272,97
4273,97
4274,97
4276,97
4278,97
4280,97
4281,97
4282,97
4283,97
4286,97
4288,97
4288,159
4289,97
4290,97
4290,159
4291,97
4292,97
4293,97
4294,97
4294,159
4295,97
4296,97
4298,97
4299,97
4302,97
4303,97
4304,97
4305,97
4308,97
4309,97
4311,97
4312,97
4312,159
4313,97
4315,97
4317,97
4318,97
4322,97
4324,97
4327,97
4329,97
4330,97
4332,97
4333,97
4335,97
4336,97
4340,97
4341,97
4342,97
4343,97
4347,97
4348,97
4350,97
4351,97
4353,97
4354,97
4355,97
4356,97
4357,97
4358,97
4359,97
4360,97
4361,97
4362,97
4364,97
4365,97
4366,97
4367,97
4368,97
4369,97
4370,97
4371,97
4372,97
4373,97
4374,97
4375,97
4376,97
4377,97
4378,97
4378,159
4379,97
4381,159
4383,97
4384,97
4385,97
4386,97
4387,97
4388,97
4389,97
4390,97
4391,97
4393,97
4394,97
4396,159
4397,97
4398,97
4399,97
4400,33
4401,97
4403,97
4404,97
4405,97
4406,97
4407,97
4408,97
4411,97
4412,97
4415,97
4417,97
4418,159
4419,97
4420,97
4422,97
4427,97
4429,97
4430,97
4431,97
4432,97
4434,97
4436,97
4437,97
4438,97
4440,97
4441,97
4442,97
4444,97
4445,97
4446,97
4447,97
4448,97
4449,97
4450,97
4450,159
4451,97
4452,177
4453,97
4455,97
4456,97
4456,353
4457,97
4457,159
4459,97
4459,159
4460,97
4461,97
4462,97
4463,97
4466,97
4467,97
4468,97
4469,97
4470,97
4471,97
4473,97
4475,97
4476,97
4478,97
4479,97
4482,97
4483,97
4484,97
4484,159
4486,97
4486,159
4487,97
4489,97
4489,159
4490,97
4490,159
4494,97
4495,97
4495,159
4498,97
4499,97
4505,97
4507,97
4508,97
4509,97
4510,97
4511,97
4513,97
4515,97
4515,159
4516,97
4517,97
4517,159
4519,97
4520,97
4521,97
4522,97
4522,159
4524,97
4525,97
4526,97
4527,97
4528,97
4530,97
4534,97
4535,97
4536,97
4543,97
4544,97
4545,97
4546,97
4547,97
4548,97
4549,97
4550,97
4551,97
4551,159
4553,97
4554,97
4556,97
4556,159
4557,97
4560,97
4562,97
4565,97
4566,97
4567,97
4568,97
4569,97
4570,97
4571,97
4572,97
4573,97
4574,97
4575,97
4576,97
4577,97
4578,97
4579,97
4580,97
4581,97
4582,97
4583,97
4585,97
4587,97
4588,97
4589,97
4590,97
4591,97
4593,97
4594,97
4597,97
4599,97
4599,159
4600,97
4601,97
4602,97
4603,97
4605,97
4610,97
4611,97
4612,97
4617,97
4620,97
4621,97
4622,97
4623,97
4625,97
4626,97
4627,97
4628,97
4628,159
4629,97
4631,97
4632,97
4632,159
4633,97
4634,97
4634,159
4635,97
4637,97
4638,97
4640,97
4642,97
4643,97
4644,97
4645,97
4646,97
4646,159
4648,97
4649,97
4650,97
4651,97
4651,159
4652,97
4653,97
4654,97
4654,159
4655,97
4655,159
4656,97
4657,97
4657,159
4658,97
4660,97
4661,97
4662,97
4663,97
4664,97
4665,97
4667,97
4668,97
4670,97
4671,97
4672,97
4673,97
4674,97
4676,97
4677,97
4678,97
4678,159
4679,97
4679,175
4680,97
4681,97
4682,97
4683,97
4684,97
4686,97
4688,97
4689,97
4690,97
4691,97
4691,159
4692,97
4693,97
4694,97
4697,97
4698,97
4700,97
4700,264
4701,97
4702,97
4702,220
4704,97
4706,97
4707,97
4709,97
4710,97
4711,97
4712,97
4713,97
4715,97
4716,97
4717,97
4717,159
4718,97
4719,97
4720,97
4721,97
4722,97
4725,97
4726,97
4728,97
4729,97
4730,97
4731,97
4732,97
4733,97
4734,97
4736,97
4737,97
4739,97
4741,97
4742,97
4743,97
4744,97
4745,97
4746,97
4747,97
4749,97
4751,97
4753,97
4754,97
4755,97
4756,97
4757,97
4758,97
4759,97
4760,97
4761,97
4762,97
4764,97
4765,97
4766,97
4767,97
4768,97
4769,97
4770,97
4771,97
4773,97
4774,97
4777,97
4779,97
4783,97
4785,97
4786,97
4787,97
4788,97
4789,97
4790,97
4791,97
4792,97
4794,97
4797,159
4799,97
4802,97
4803,97
4804,97
4805,97
4807,97
4808,97
4814,97
4816,97
4817,97
4819,97
4820,97
4821,97
4822,97
4823,97
4824,97
4824,159
4826,97
4827,97
4828,97
4830,97
4831,97
4831,159
4832,97
4832,159
4833,97
4833,159
4835,97
4837,97
4838,97
4839,97
4840,97
4841,97
4842,97
4842,159
4843,97
4844,97
4845,97
4848,97
4849,97
4850,97
4852,97
4853,97
4854,97
4855,97
4856,97
4857,97
4858,97
4859,97
4860,97
4861,97
4862,97
4863,97
4864,97
4865,97
4866,97
4867,97
4867,159
4868,97
4869,97
4870,97
4871,97
4872,97
4873,97
4874,97
4875,97
4878,97
4879,97
4880,97
4880,159
4882,97
4883,97
4884,97
4884,159
4886,97
4886,159
4887,97
4888,97
4890,97
4890,159
4891,97
4892,97
4893,97
4894,97
4896,97
4897,97
4898,97
4900,97
4902,97
4903,97
4904,97
4905,97
4906,97
4907,97
4910,97
4911,97
4913,97
4914,97
4915,97
4917,97
4919,97
4919,159
4922,159
4923,97
4925,97
4937,97
4938,97
4985,97
4986,97
5006,97
5007,97
5011,97
5012,97
5013,97
5014,97
5015,97
5016,97
5019,97
5020,97
5024,97
5026,97
5026,159
5028,97
5029,97
5030,97
5032,97
5033,97
5034,97
5036,97
5038,97
5040,97
5042,97
5043,97
5045,97
5047,97
5048,97
5050,97
5051,159
5052,97
5053,97
5053,159
5054,97
5056,97
5057,97
5057,159
5058,97
5059,97
5060,97
5061,97
5063,97
5063,159
5065,97
5066,97
5068,97
5069,97
5071,97
5072,97
5072,159
5073,97
5074,97
5075,97
5077,97
5082,97
5083,97
5084,97
5085,97
5086,97
5087,97
5088,97
5089,97
5091,97
5093,97
5094,97
5095,97
5097,97
5098,97
5099,97
5101,97
5102,97
5103,97
5103,159
5104,97
5105,97
5106,97
5108,97
5109,97
5112,97
5113,97
5113,159
5115,97
5117,97
5120,97
5122,97
5125,97
5126,97
5128,97
5129,97
5131,97
5132,97
5133,97
5134,97
5137,97
5138,97
5142,97
5143,97
5144,97
5145,97
5147,97
5148,97
5149,97
5150,159
5151,97
5153,97
5154,97
5156,97
5157,97
5159,97
5161,97
5162,97
5163,97
5164,97
5164,159
5165,97
5166,97
5167,97
5168,97
5169,97
5170,97
5171,97
5172,97
5173,97
5174,97
5175,97
5176,97
5177,97
5178,97
5178,159
5180,97
5182,97
5183,97
5184,97
5185,97
5186,97
5187,97
5188,97
5188,159
5189,97
5190,97
5192,97
5193,97
5194,97
5196,97
5197,97
5198,97
5200,97
5201,97
5204,97
5205,97
5207,97
5208,97
5209,97
5210,97
5211,97
5212,97
5213,97
5214,97
5217,97
5218,97
5220,97
5221,97
5223,97
5224,97
5225,97
5227,97
5228,97
5229,97
5229,159
5230,97
5232,97
5233,97
5234,97
5235,97
5237,97
5242,97
5243,97
5244,97
5245,97
5246,97
5248,97
5250,97
5252,97
5253,97
5256,97
5258,97
5259,97
5260,97
5263,97
5264,97
5267,97
5268,97
5269,97
5270,97
5271,97
5273,97
5274,97
5275,159
5276,97
5278,97
5280,97
5283,97
5285,97
5285,159
5286,97
5287,97
5289,97
5290,97
5291,97
5293,97
5294,97
5295,97
5297,97
5299,97
5300,97
5301,97
5301,159
5303,97
5304,97
5305,97
5308,97
5311,97
5312,97
5312,159
5315,97
5315,159
5316,97
5320,97
5321,97
5322,97
5323,97
5325,97
5327,97
5328,97
5332,97
5335,97
5335,159
5336,97
5337,97
5339,97
5342,97
5343,97
5346,97
5347,97
5348,97
5349,97
5350,97
5351,97
5352,97
5353,97
5355,97
5357,97
5358,97
5359,97
5360,97
5360,159
5361,97
5363,97
5364,97
5365,97
5366,97
5366,370
5367,97
5370,97
5373,97
5373,159
5375,97
5378,97
5380,97
5381,97
5382,97
5383,97
5384,159
5388,97
5389,97
5391,97
5393,97
5394,97
5396,97
5398,97
5399,97
5399,135
5401,97
5402,97
5403,97
5404,97
5405,97
5406,97
5409,97
5410,97
5412,97
5413,97
5413,159
5414,97
5415,97
5417,97
5419,97
5420,97
5421,97
5422,97
5425,97
5427,97
5428,97
5429,97
5431,97
5432,97
5433,97
5438,97
5440,159
5441,97
5442,97
5443,97
5444,97
5446,97
5449,97
5450,97
5450,159
5451,97
5452,97
5453,97
5454,97
5456,97
5457,97
5458,97
5459,97
5461,97
5462,97
5463,97
5464,97
5464,159
5465,97
5466,97
5468,97
5469,97
5470,97
5471,97
5472,97
5473,97
5476,97
5478,97
5479,97
5480,159
5481,97
5483,97
5484,97
5485,97
5487,97
5488,97
5489,97
5490,97
5492,97
5493,97
5493,159
5494,97
5495,97
5496,97
5496,159
5497,97
5498,97
5499,97
5501,97
5503,97
5504,97
5505,97
5506,97
5507,97
5508,97
5509,97
5510,97
5511,97
5511,159
5513,97
5515,159
5516,97
5518,97
5519,97
5520,97
5522,97
5525,97
5528,97
5529,97
5531,97
5532,97
5533,97
5534,97
5536,97
5540,97
5541,97
5546,97
5547,97
5548,97
5550,97
5551,97
5552,97
5554,97
5559,97
5560,97
5562,97
5565,97
5566,97
5567,97
5568,97
5569,97
5570,97
5571,97
5572,97
5578,97
5580,97
5580,159
5582,97
5585,97
5586,97
5587,97
5588,97
5589,97
5592,97
5593,97
5594,97
5594,159
5596,97
5597,97
5599,97
5599,159
5601,97
5602,97
5602,159
5603,97
5608,97
5608,159
5609,97
5610,97
5611,97
5612,97
5613,97
5616,97
5617,97
5617,159
5619,97
5619,159
5620,97
5621,159
5621,387
5622,97
5623,97
5624,97
5626,97
5626,159
5628,97
5628,117
5628,159
5629,97
5631,97
5632,97
5633,97
5634,97
5635,97
5637,97
5638,97
5638,159
5640,97
5642,97
5645,97
5647,97
5649,97
5650,97
5651,97
5653,97
5654,97
5655,97
5656,97
5658,97
5659,97
5660,97
5660,159
5661,97
5661,159
5663,97
5664,97
5665,97
5666,97
5667,97
5668,97
5669,97
5670,97
5671,97
5672,97
5673,97
5676,97
5677,97
5679,97
5680,97
5681,97
5682,97
5683,97
5684,97
5685,97
5686,97
5688,97
5690,97
5691,97
5693,97
5696,97
5697,97
5698,97
5699,97
5700,97
5701,97
5702,97
5702,159
5703,97
5705,97
5710,97
5712,97
5713,97
5715,97
5716,97
5717,97
5719,97
5720,97
5720,159
5721,97
5723,97
5724,97
5727,97
5727,159
5728,97
5728,159
5729,97
5730,97
5733,159
5735,97
5737,97
5738,97
5740,97
5742,97
5743,97
5744,97
5745,97
5746,97
5748,97
5748,159
5749,97
5750,97
5752,97
5753,97
5754,97
5755,97
5757,97
5758,97
5759,97
5760,97
5761,97
5762,97
5763,97
5763,159
5765,97
5766,97
5766,159
5767,97
5768,97
5769,97
5770,97
5770,159
5771,97
5772,97
5774,97
5775,97
5776,97
5777,97
5778,97
5780,97
5781,97
5783,97
5784,97
5785,97
5788,97
5792,97
5793,97
5794,97
5795,97
5796,97
5799,97
5800,97
5801,97
5802,97
5802,321
5804,97
5805,97
5805,159
5806,97
5807,159
5809,97
5811,97
5812,97
5814,97
5815,97
5816,97
5817,97
5818,97
5819,97
5821,97
5822,97
5823,97
5824,97
5825,97
5827,97
5828,97
5829,97
5830,97
5831,97
5832,97
5832,159
5834,97
5835,97
5836,97
5837,97
5837,159
5838,97
5840,97
5841,97
5842,97
5843,97
5845,97
5848,97
5849,97
5851,97
5852,97
5853,97
5854,97
5855,97
5856,97
5857,97
5859,97
5860,97
5861,97
5863,97
5864,97
5865,97
5868,97
5870,97
5873,97
5875,97
5876,97
5877,97
5878,97
5879,97
5880,97
5881,97
5883,97
5884,97
5885,97
5886,97
5887,97
5888,97
5889,97
5891,97
5892,97
5893,97
5894,97
5895,97
5898,97
5898,135
5899,97
5900,97
5903,97
5905,97
5906,97
5907,97
5909,97
5910,97
5911,97
5912,97
5913,97
5914,97
5915,97
5916,97
5917,97
5918,97
5919,97
5920,97
5921,97
5923,97
5924,97
5926,97
5927,97
5928,97
5930,97
5931,97
5933,97
5935,97
5936,97
5937,97
5939,97
5940,97
5941,97
5942,97
5943,97
5944,97
5945,97
5946,97
5948,97
5950,97
5952,97
5953,97
5957,97
5958,97
5960,97
5961,97
5962,97
5963,97
5963,159
5964,97
5965,97
5966,97
5967,97
5969,97
5970,97
5971,97
5972,97
5972,159
5973,97
5974,97
5975,97
5977,97
5979,97
5981,97
5981,159
5982,97
5983,97
5984,97
5987,97
5987,159
5988,97
5990,97
5991,97
5992,97
5993,97
5994,97
5995,97
5996,97
5997,97
5998,97
6001,97
6002,97
6003,97
6004,97
6005,97
6006,97
6008,97
6009,97
6011,97
6012,97
6014,97
6015,97
6015,159
6016,97
6017,97
6018,97
6019,97
6022,97
6023,97
6024,97
6025,97
6027,97
6028,97
6028,159
6029,97
6030,97
6031,97
6034,97
6035,97
6036,97
6037,97
6038,97
6040,97
6040,159
6041,97
6044,97
6045,97
6046,97
6047,97
6048,97
6048,159
6050,97
6051,97
6053,97
6053,159
6055,97
6056,97
6057,97
6058,97
6059,97
6059,159
6060,97
6061,97
6062,97
6063,97
6064,97
6065,97
6066,97
6067,97
6067,159
6070,97
6073,97
6074,97
6074,159
6075,97
6076,97
6077,97
6078,97
6079,97
6081,97
6082,97
6083,97
6084,97
6085,97
6086,97
6088,97
6092,159
6093,97
6094,97
6094,159
6095,97
6096,97
6097,97
6098,97
6099,97
6100,97
6101,97
6102,97
6104,97
6104,159
6105,97
6107,97
6108,97
6109,97
6110,97
6110,159
6111,97
6112,97
6113,97
6114,97
6115,97
6116,97
6117,97
6118,97
6119,97
6120,97
6121,97
6123,97
6124,97
6125,97
6126,97
6127,97
6128,97
6128,159
6129,97
6130,97
6131,97
6132,97
6133,97
6133,159
6134,97
6136,97
6136,159
6137,97
6138,97
6139,97
6141,97
6142,97
6144,97
6145,97
6149,97
6149,159
6150,97
6152,97
6152,159
6153,97
6154,97
6155,97
6156,97
6157,97
6158,97
6158,159
6159,97
6161,97
6164,97
6165,97
6166,97
6170,97
6172,97
6173,97
6174,97
6174,159
6175,97
6176,97
6177,97
6178,97
6179,97
6179,159
6180,97
6181,97
6182,97
6184,97
6185,97
6185,159
6186,97
6187,97
6188,97
6189,97
6190,97
6191,97
6193,97
6194,97
6195,97
6196,97
6196,159
6197,97
6197,159
6198,97
6199,97
6199,159
6200,97
6202,97
6203,97
6204,97
6205,97
6206,97
6207,159
6208,159
6209,97
6209,159
6211,97
6212,97
6213,97
6214,97
6216,97
6217,97
6218,97
6219,97
6220,97
6221,97
6222,97
6225,97
6226,97
6228,97
6229,97
6229,159
6230,97
6232,97
6233,97
6233,159
6234,97
6235,97
6236,97
6237,97
6237,159
6238,97
6238,159
6240,97
6241,97
6244,97
6245,97
6252,97
6255,97
6256,97
6257,97
6258,97
6258,159
6259,97
6264,97
6266,97
6266,159
6267,97
6268,97
6269,97
6270,97
6272,97
6273,97
6274,97
6275,97
6276,97
6277,97
6278,97
6279,97
6280,97
6281,97
6281,159
6282,97
6283,97
6284,97
6285,97
6289,97
6290,97
6291,97
6292,97
6292,159
6293,97
6294,97
6295,97
6296,97
6297,97
6298,97
6299,97
6301,97
6302,97
6303,97
6304,97
6306,97
6307,97
6307,159
6308,97
6309,97
6311,97
6311,159
6312,97
6313,97
6314,97
6315,97
6316,97
6318,97
6319,97
6320,97
6321,97
6324,97
6326,97
6327,97
6328,97
6329,97
6330,97
6331,97
6332,97
6333,97
6334,97
6335,97
6336,97
6337,97
6338,97
6338,159
6341,97
6342,97
6345,97
6346,97
6347,97
6349,97
6352,97
6354,97
6354,159
6356,97
6357,97
6358,97
6359,97
6360,97
6361,97
6362,97
6364,97
6365,97
6366,97
6367,97
6368,97
6371,97
6371,159
6372,97
6373,97
6374,97
6375,97
6375,159
6376,97
6377,97
6379,97
6380,97
6381,97
6382,97
6383,97
6384,97
6385,97
6388,97
6389,97
6389,159
6392,97
6394,97
6395,97
6396,97
6397,97
6399,97
6400,97
6401,97
6402,97
6403,97
6406,97
6408,97
6409,97
6410,97
6411,97
6413,97
6415,97
6416,97
6416,159
6419,97
6420,159
6421,97
6422,97
6423,97
6424,97
6425,97
6427,97
6428,97
6428,159
6429,97
6430,97
6431,97
6432,97
6433,97
6436,97
6439,97
6441,97
6443,97
6443,159
6444,97
6445,97
6446,97
6446,159
6447,97
6449,97
6450,97
6451,159
6452,97
6453,97
6454,97
6455,97
6456,97
6457,97
6459,97
6461,97
6462,97
6463,97
6464,97
6465,97
6465,159
6466,97
6467,97
6468,97
6469,97
6470,97
6471,97
6472,97
6474,97
6474,159
6475,97
6476,97
6478,97
6479,97
6480,97
6482,97
6483,97
6484,97
6485,97
6486,97
6490,97
6490,159
6491,97
6492,97
6493,97
6494,97
6496,97
6496,159
6497,97
6498,97
6499,97
6500,97
6500,159
6501,97
6502,97
6504,97
6504,159
6505,97
6506,97
6507,97
6508,97
6510,97
6511,97
6512,97
6513,97
6515,97
6515,159
6516,97
6517,97
6518,97
6519,97
6520,97
6521,97
6522,97
6524,97
6525,97
6526,97
6528,97
6529,97
6530,97
6533,97
6534,97
6535,159
6536,97
6538,97
6538,159
6544,97
6544,159
6546,97
6547,97
6549,97
6551,97
6553,97
6555,97
6556,97
6557,97
6558,97
6559,97
6560,97
6561,97
6564,97
6564,159
6566,97
6567,97
6568,97
6569,97
6570,97
6571,97
6575,97
6576,97
6578,97
6578,159
6579,97
6580,97
6581,97
6581,159
6582,97
6583,97
6584,97
6585,97
6587,97
6588,97
6589,97
6591,97
6593,97
6594,97
6595,97
6597,97
6598,97
6599,97
6601,97
6602,97
6604,97
6606,97
6611,97
6611,196
6612,97
6613,97
6616,97
6619,97
6621,97
6621,159
6622,97
6624,97
6625,97
6626,97
6627,97
6628,97
6628,159
6629,97
6630,97
6630,159
6631,97
6632,97
6635,97
6636,97
6637,97
6639,97
6640,97
6640,159
6642,97
6643,97
6643,159
6644,97
6644,159
6645,97
6646,159
6649,159
6652,97
6653,97
6654,97
6656,97
6657,97
6658,97
6659,97
6662,97
6664,97
6665,97
6666,97
6667,97
6669,97
6671,97
6672,97
6674,97
6675,97
6676,97
6677,97
6678,97
6679,159
6681,97
6683,97
6684,97
6685,97
6686,97
6688,97
6688,159
6689,97
6690,97
6690,159
6691,97
6694,97
6694,159
6695,97
6695,159
6696,97
6697,97
6698,97
6700,97
6700,159
6701,97
6702,97
6703,97
6704,97
6707,97
6709,97
6710,97
6711,97
6711,159
6713,97
6715,97
6716,97
6721,97
6721,159
6722,159
6723,97
6724,97
6727,97
6730,97
6731,97
6732,97
6733,97
6736,97
6738,97
6739,97
6740,97
6741,97
6744,97
6746,97
6747,97
6748,97
6749,97
6752,97
6755,97
6758,97
6759,97
6760,97
6760,159
6762,97
6763,97
6764,97
6765,97
6766,97
6769,97
6772,97
6773,97
6774,97
6778,97
6779,159
6780,97
6781,97
6783,97
6784,97
6785,97
6785,159
6786,97
6789,97
6790,97
6790,159
6791,97
6793,97
6794,97
6798,97
6800,97
6801,97
6802,97
6803,97
6803,159
6804,97
6805,97
6807,97
6808,97
6812,97
6813,97
6814,97
6815,97
6815,159
6822,97
6823,97
6823,159
6825,97
6826,97
6827,97
6828,97
6829,97
6830,97
6831,97
6832,97
6833,97
6835,97
6836,97
6837,97
6837,159
6838,97
6839,97
6839,159
6840,97
6841,97
6842,97
6845,97
6846,97
6846,159
6847,97
6850,97
6852,97
6856,97
6857,97
6862,97
6863,97
6865,97
6866,97
6867,97
6868,97
6871,97
6872,97
6873,97
6874,97
6874,159
6875,97
6876,97
6876,159
6879,97
6880,97
6882,97
6883,97
6884,97
6884,159
6885,97
6887,97
6888,97
6891,97
6892,97
6898,97
6899,97
6900,97
6900,159
6903,97
6905,97
6906,97
6908,97
6909,97
6910,159
6912,97
6913,97
6914,97
6915,97
6916,97
6917,97
6919,97
6920,97
6924,97
6925,97
6928,97
6929,97
6930,97
6932,97
6933,97
6936,97
6937,97
6937,159
6939,97
6940,97
6942,97
6943,97
6946,97
6950,97
6951,97
6952,97
6953,97
6954,97
6955,97
6956,97
6957,97
6959,97
6960,97
6961,97
6962,97
6963,97
6964,97
6965,97
6967,97
6968,97
6969,97
6971,97
6972,97
6973,97
6974,97
6976,97
6977,97
6978,97
6981,97
6982,97
6983,97
6984,97
6985,97
6986,97
6987,97
6988,97
6993,97
6997,97
7000,97
7000,159
7001,97
7002,97
7004,97
7006,97
7007,97
7008,97
7010,97
7011,97
7013,97
7013,159
7014,97
7015,97
7021,97
7027,97
7028,97
7029,97
7030,97
7031,97
7032,97
7036,97
7037,97
7038,97
7039,97
7040,97
7041,97
7042,97
7044,97
7045,97
7047,97
7048,97
7049,97
7050,97
7051,97
7052,97
7054,97
7055,97
7056,97
7057,97
7058,97
7059,97
7061,97
7064,97
7067,97
7069,97
7070,97
7071,97
7071,159
7073,97
7074,97
7075,97
7077,97
7079,97
7080,97
7082,97
7083,97
7084,97
7085,97
7086,97
7089,97
7090,97
7091,97
7092,97
7093,97
7094,97
7095,97
7096,97
7097,97
7098,97
7100,97
7101,97
7102,97
7103,97
7104,97
7105,97
7107,97
7108,97
7109,97
7110,97
7111,97
7112,97
7113,97
7114,97
7115,97
7118,97
7119,97
7120,97
7121,97
7122,97
7122,159
7123,97
7124,97
7125,97
7127,97
7128,97
7130,97
7131,97
7132,97
7133,97
7134,97
7136,97
7136,159
7137,97
7138,97
7139,97
7142,97
7143,97
7145,97
7146,97
7147,97
7148,97
7149,97
7151,97
7153,97
7154,97
7156,159
7159,97
7161,97
7162,97
7165,97
7167,97
7169,97
7170,97
7170,159
7172,97
7173,97
7175,97
7176,97
7177,97
7178,97
7180,97
7181,97
7183,97
7184,97
7185,97
7186,97
7187,97
7188,97
7190,97
7191,97
7194,97
7196,97
7199,97
7200,97
7202,97
7202,159
7206,97
7208,97
7209,97
7212,97
7213,97
7214,97
7215,97
7217,97
7219,97
7220,97
7223,97
7224,97
7226,97
7227,97
7228,97
7229,97
7230,97
7233,97
7235,97
7237,97
7239,97
7241,97
7242,97
7244,97
7245,97
7246,97
7247,97
7248,97
7249,97
7250,97
7251,97
7252,97
7253,97
7254,97
7255,97
7256,97
7258,97
7259,97
7263,97
7264,97
7265,97
7267,97
7268,97
7271,97
7273,97
7274,97
7276,97
7277,97
7278,97
7279,97
7280,97
7281,97
7282,97
7283,97
7284,97
7285,97
7286,97
7287,97
7288,97
7289,97
7291,97
7295,97
7297,97
7300,97
7301,97
7304,97
7307,97
7309,159
7312,97
7316,97
7319,97
7320,97
7320,159
7321,97
7321,159
7322,97
7323,97
7326,97
7328,97
7329,97
7330,97
7332,97
7333,97
7336,97
7337,97
7339,97
7340,97
7341,97
7344,97
7348,97
7349,97
7350,97
7350,159
7352,97
7354,97
7356,97
7357,97
7361,97
7362,97
7364,97
7367,97
7368,97
7369,97
7370,97
7370,159
7371,97
7373,97
7376,97
7376,159
7377,97
7378,97
7379,97
7384,97
7385,97
7385,159
7386,97
7387,97
7388,97
7389,97
7390,97
7392,97
7394,97
7398,97
7399,97
7399,159
7401,97
7402,97
7403,97
7405,97
7406,97
7407,97
7408,97
7411,97
7412,97
7413,97
7413,159
7415,97
7416,97
7417,159
7418,97
7419,97
7419,159
7420,97
7421,97
7422,97
7422,159
7423,97
7424,97
7425,97
7426,97
7428,97
7430,97
7432,97
7433,97
7434,97
7436,97
7437,97
7438,97
7439,97
7440,97
7441,97
7442,97
7443,97
7443,159
7444,97
7445,97
7446,97
7447,97
7448,97
7449,97
7449,159
7451,97
7452,97
7453,97
7454,97
7455,97
7456,97
7457,97
7458,159
7459,97
7461,97
7463,97
7464,97
7465,97
7466,97
7467,97
7468,97
7471,97
7471,159
7472,97
7473,97
7474,97
7475,97
7476,97
7480,97
7483,97
7485,97
7486,97
7487,97
7488,97
7490,97
7492,97
7493,97
7495,97
7496,97
7498,97
7501,97
7502,97
7503,97
7505,97
7509,97
7511,97
7512,97
7513,97
7516,97
7517,97
7518,97
7520,97
7522,97
7523,97
7524,97
7526,97
7527,97
7528,97
7529,97
7531,97
7536,97
7537,97
7540,97
7541,97
7542,97
7543,97
7544,97
7546,97
7551,97
7552,97
7553,97
7554,97
7555,97
7556,159
7558,97
7559,97
7560,97
7561,97
7562,97
7563,97
7565,97
7566,97
7567,97
7568,97
7569,97
7572,97
7574,97
7575,97
7575,159
7576,97
7577,97
7580,97
7581,97
7583,97
7584,97
7584,159
7587,97
7589,97
7591,97
7592,97
7593,97
7594,97
7595,97
7597,97
7598,97
7599,97
7600,97
7601,97
7603,97
7605,159
7607,97
7608,97
7609,97
7610,97
7611,97
7612,97
7613,97
7614,97
7617,97
7618,97
7620,97
7620,159
7621,159
7622,97
7623,97
7626,97
7626,159
7627,97
7628,97
7629,97
7629,291
7631,97
7633,97
7634,97
7635,97
7639,97
7640,97
7642,97
7643,97
7644,97
7645,97
7646,97
7649,97
7650,97
7653,97
7655,97
7658,97
7662,97
7665,97
7667,97
7668,97
7669,97
7670,97
7672,97
7673,97
7675,97
7676,97
7676,159
7677,97
7679,97
7680,97
7681,97
7683,97
7684,97
7685,97
7687,97
7689,97
7690,97
7695,97
7697,97
7698,97
7699,97
7701,97
7702,97
7703,97
7706,97
7707,97
7709,97
7709,159
7710,97
7711,97
7712,97
7713,97
7715,97
7720,97
7721,97
7722,97
7723,97
7725,97
7727,97
7728,97
7728,159
7729,97
7730,97
7733,97
7734,97
7735,97
7737,97
7738,97
7739,97
7740,97
7741,97
7743,97
7745,97
7746,97
7747,97
7749,97
7750,97
7751,97
7753,97
7754,97
7757,97
7760,97
7761,97
7762,97
7763,97
7764,97
7765,97
7766,97
7767,97
7768,97
7768,159
7769,97
7770,97
7771,97
7774,97
7775,97
7776,97
7777,97
7777,159
7778,97
7779,97
7780,97
7781,97
7782,97
7783,97
7784,97
7785,97
7789,97
7790,97
7791,97
7792,97
7795,97
7796,97
7797,97
7798,97
7801,97
7802,97
7804,97
7807,97
7809,97
7811,97
7814,97
7816,97
7817,97
7824,97
7825,97
7827,97
7828,97
7830,97
7831,97
7832,97
7833,97
7834,97
7836,97
7837,97
7839,97
7840,97
7841,97
7842,97
7843,97
7844,97
7847,97
7850,97
7851,97
7852,97
7853,97
7854,97
7855,97
7857,97
7858,97
7859,97
7861,97
7862,97
7865,97
7867,97
7869,97
7870,97
7871,97
7872,97
7873,97
7874,97
7876,97
7878,97
7879,97
7881,97
7882,97
7885,97
7886,97
7889,97
7891,97
7892,97
7893,97
7894,97
7895,97
7896,97
7897,97
7898,97
7899,97
7900,97
7901,97
7903,97
7906,97
7908,97
7908,159
7909,97
7911,97
7915,97
7916,97
7917,97
7920,97
7923,97
7926,97
7930,97
7931,97
7933,97
7934,97
7936,97
7937,97
7938,97
7940,97
7941,97
7942,97
7943,97
7944,97
7946,97
7948,97
7954,97
7957,97
7958,97
7959,97
7960,97
7963,97
7964,97
7965,97
7966,97
7967,97
7970,97
7971,97
7971,159
7973,97
7974,97
7975,97
7975,159
7978,97
7979,97
7980,97
7982,97
7984,97
7985,97
7986,97
7986,159
7988,97
7992,97
7995,97
7996,97
7997,97
7999,97
8000,97
8001,97
8002,97
8005,97
8006,97
8007,97
8008,97
8009,97
8010,97
8011,97
8011,159
8012,97
8012,159
8013,97
8013,159
8014,97
8016,97
8019,97
8020,97
8021,97
8023,97
8024,97
8026,97
8027,97
8029,159
8035,97
8037,97
8039,97
8040,97
8041,97
8043,97
8043,159
8044,159
8045,97
8047,97
8048,97
8050,159
8051,97
8052,97
8053,97
8054,97
8055,97
8057,97
8058,97
8059,97
8062,97
8063,97
8064,97
8066,97
8068,97
8069,97
8070,97
8076,97
8077,97
8078,97
8080,97
8083,97
8084,97
8085,97
8090,97
8092,97
8092,159
8096,97
8099,97
8101,97
8103,97
8104,97
8105,97
8105,159
8107,97
8108,97
8109,97
8111,97
8114,97
8115,97
8116,97
8117,97
8119,97
8120,97
8122,97
8123,97
8124,159
8125,97
8126,97
8127,97
8129,97
8130,159
8131,97
8132,97
8134,97
8136,97
8138,97
8139,97
8140,97
8143,97
8144,97
8149,97
8150,97
8151,97
8152,97
8153,97
8156,97
8157,97
8158,97
8159,97
8160,97
8161,97
8162,97
8168,97
8169,97
8170,97
8171,97
8172,97
8173,97
8175,97
8178,97
8179,97
8181,97
8182,97
8183,97
8185,97
8186,97
8188,97
8192,97
8194,97
8196,97
8197,97
8202,97
8206,97
8207,97
8208,97
8208,159
8211,97
8212,97
8213,97
8213,159
8214,97
8220,97
8225,97
8226,97
8228,97
8229,97
8233,97
8234,97
8235,97
8236,97
8237,97
8238,97
8239,97
8241,97
8242,97
8242,159
8244,97
8246,97
8249,97
8250,97
8254,97
8255,97
8257,97
8257,159
8258,97
8259,97
8259,159
8262,97
8263,97
8264,97
8266,97
8266,159
8267,97
8271,97
8272,97
8272,159
8273,97
8274,97
8274,159
8275,97
8276,97
8277,97
8281,97
8283,97
8285,97
8287,97
8288,97
8289,97
8290,97
8291,97
8295,97
8296,97
8297,97
8300,97
8303,97
8306,97
8307,97
8308,97
8310,97
8311,97
8312,97
8313,97
8315,97
8318,97
8319,97
8321,97
8323,97
8325,97
8327,97
8328,97
8329,97
8330,97
8331,97
8333,97
8334,97
8340,97
8342,97
8344,97
8345,97
8348,97
8352,97
8353,97
8354,97
8355,97
8361,97
8363,97
8364,97
8367,97
8370,97
8372,97
8373,97
8374,97
8375,97
8378,97
8384,97
8385,97
8386,97
8387,97
8389,97
8391,97
8391,159
8393,97
8394,97
8395,97
8396,97
8397,97
8398,97
8399,97
8401,97
8402,97
8403,97
8407,97
8409,97
8411,97
8413,97
8413,159
8414,97
8418,97
8419,97
8420,97
8421,97
8423,97
8424,97
8425,97
8426,97
8428,97
8429,97
8430,97
8431,97
8432,97
8433,97
8435,97
8436,97
8438,97
8439,97
8440,97
8441,97
8446,97
8447,159
8448,97
8449,97
8451,97
8452,97
8453,97
8455,97
8456,97
8457,97
8458,97
8459,97
8460,97
8463,97
8464,97
8465,97
8467,97
8468,97
8469,97
8470,97
8473,97
8474,97
8475,97
8480,97
8483,97
8484,97
8485,97
8487,97
8489,97
8490,97
8494,97
8494,159
8496,97
8497,97
8497,159
8498,97
8500,97
8502,97
8503,97
8504,97
8504,159
8505,97
8509,97
8511,97
8513,97
8514,97
8516,97
8517,97
8518,97
8519,97
8521,97
8522,97
8523,97
8525,97
8526,97
8526,159
8527,97
8527,159
8528,97
8530,97
8531,97
8532,97
8533,97
8534,97
8535,97
8536,97
8537,97
8537,159
8538,97
8538,159
8539,97
8541,97
8542,97
8545,97
8546,97
8547,97
8548,97
8549,97
8551,97
8552,97
8553,97
8555,97
8557,97
8559,97
8561,97
8561,159
8563,97
8564,97
8565,97
8566,97
8567,97
8568,97
8569,97
8570,97
8571,97
8572,97
8573,97
8574,97
8575,97
8576,97
8576,159
8577,97
8578,97
8579,97
8579,159
8581,97
8582,97
8583,159
8584,97
8585,97
8586,97
8587,97
8588,97
8589,97
8594,97
8595,97
8597,97
8598,159
8599,97
8600,97
8600,159
8601,97
8604,97
8605,97
8606,97
8607,97
8608,97
8609,97
8610,97
8611,97
8613,97
8614,97
8615,97
8616,97
8617,97
8617,159
8620,97
8621,97
8622,97
8623,97
8624,97
8625,97
8626,97
8627,97
8628,97
8629,97
8630,97
8630,159
8631,97
8632,97
8633,97
8634,97
8636,97
8638,97
8639,97
8641,97
8642,97
8643,97
8643,159
8645,97
8646,97
8647,97
8650,97
8651,97
8653,97
8654,97
8657,97
8657,159
8658,97
8659,97
8659,159
8660,97
8661,97
8662,97
8663,97
8663,159
8665,97
8666,97
8667,97
8668,97
8669,97
8669,159
8670,97
8673,97
8674,97
8678,97
8679,97
8680,97
8680,159
8682,97
8682,159
8683,97
8684,97
8685,97
8687,97
8688,97
8689,97
8690,97
8692,97
8693,97
8694,97
8696,97
8697,97
8700,97
8704,97
8705,97
8706,97
8707,97
8709,97
8710,97
8711,97
8711,159
8712,97
8713,97
8715,97
8717,97
8718,97
8719,97
8720,97
8721,97
8722,97
8725,97
8726,97
8727,97
8729,97
8731,97
8732,97
8734,97
8735,97
8736,97
8736,159
8737,97
8738,97
8738,159
8739,97
8740,97
8741,97
8743,97
8743,136
8743,159
8744,97
8745,97
8746,97
8747,97
8752,97
8755,97
8756,97
8757,97
8757,159
8758,159
8759,159
8760,159
8763,97
8764,97
8765,97
8766,97
8767,97
8768,97
8769,97
8769,159
8770,97
8771,97
8772,97
8773,97
8775,97
8775,159
8776,97
8777,97
8778,97
8781,97
8783,159
8784,97
8784,159
8785,97
8786,97
8787,97
8788,97
8791,97
8792,97
8792,159
8795,97
8795,159
8796,159
8797,97
8798,97
8799,97
8800,97
8801,97
8802,97
8803,97
8804,97
8805,97
8806,97
8807,97
8809,97
8811,97
8812,97
8813,97
8814,97
8816,97
8816,159
8817,97
8818,97
8819,97
8820,97
8821,97
8822,97
8823,97
8824,97
8826,97
8826,159
8827,97
8828,97
8829,97
8829,159
8830,97
8832,97
8833,97
8834,159
8835,97
8835,159
8836,97
8837,97
8838,97
8839,97
8841,97
8841,159
8842,97
8844,97
8846,97
8846,159
8848,97
8849,97
8850,97
8851,97
8852,97
8853,97
8856,97
8856,159
8857,97
8861,97
8862,97
8863,97
8864,97
8867,97
8868,97
8869,97
8870,97
8872,97
8873,97
8874,97
8876,97
8877,97
8877,159
8878,97
8881,97
8882,97
8882,159
8883,97
8884,97
8886,97
8887,97
8888,97
8890,97
8892,97
8893,97
8894,97
8895,97
8896,97
8897,97
8898,97
8898,159
8900,97
8901,97
8903,97
8903,159
8904,97
8905,97
8906,97
8907,97
8910,97
8912,97
8914,97
8914,159
8916,97
8917,97
8918,97
8920,97
8921,97
8922,97
8923,97
8924,97
8925,97
8927,97
8929,97
8931,97
8933,97
8936,97
8936,159
8938,97
8938,159
8939,97
8940,97
8941,97
8942,97
8943,97
8946,97
8949,97
8950,97
8951,97
8953,97
8954,97
8955,97
8957,97
8957,159
8958,97
8958,159
8959,97
8959,159
8961,97
8962,97
8964,97
8964,159
8965,97
8965,159
8966,97
8967,97
8967,159
8968,97
8969,97
8970,97
8971,97
8972,97
8972,159
8973,97
8974,97
8975,97
8976,97
8977,97
8978,97
8978,159
8979,97
8980,97
8982,97
8982,159
8983,97
8984,97
8985,97
8985,159
8986,97
8987,97
8988,97
8990,97
8991,97
8992,97
8994,97
8994,159
8995,97
8996,97
8997,97
8998,97
9000,97
9005,97
9006,97
9007,97
9008,97
9009,97
9011,97
9012,97
9013,97
9015,97
9016,97
9017,97
9017,159
9018,97
9019,97
9020,97
9021,97
9023,97
9024,97
9025,97
9026,97
9027,97
9029,97
9029,159
9030,97
9035,97
9036,97
9037,97
9038,97
9039,97
9041,97
9043,97
9044,97
9045,97
9046,97
9047,97
9048,97
9049,97
9050,97
9052,97
9053,97
9055,97
9056,97
9057,97
9058,97
9060,97
9061,97
9061,159
9062,97
9063,97
9064,97
9065,97
9066,97
9069,97
9070,97
9070,159
9071,97
9072,97
9072,159
9073,97
9074,97
9076,97
9076,159
9077,97
9077,159
9079,159
9080,97
9081,97
9082,97
9083,97
9084,97
9085,97
9086,97
9087,97
9088,97
9089,97
9090,97
9091,97
9092,97
9093,97
9094,97
9095,97
9096,97
9098,97
9098,159
9099,97
9100,97
9101,97
9102,97
9103,97
9105,97
9106,97
9110,97
9111,97
9113,159
9114,97
9115,97
9116,97
9118,97
9119,97
9120,97
9121,97
9121,159
9122,97
9123,97
9124,97
9125,97
9126,97
9127,97
9129,97
9130,97
9131,97
9132,97
9133,97
9134,97
9135,97
9136,97
9137,97
9141,97
9142,97
9143,97
9145,97
9146,97
9149,97
9149,159
9150,97
9150,159
9151,97
9151,159
9152,97
9154,97
9155,97
9156,97
9157,97
9158,97
9159,97
9160,97
9161,97
9161,159
9163,97
9165,97
9166,97
9167,97
9169,97
9170,97
9174,97
9174,159
9175,97
9176,97
9176,159
9177,97
9178,97
9179,97
9180,97
9182,97
9184,97
9185,97
9186,97
9187,97
9188,97
9189,97
9190,97
9193,97
9194,97
9199,97
9200,97
9202,97
9203,97
9205,97
9206,97
9207,97
9208,97
9210,97
9211,97
9212,97
9213,97
9213,159
9214,97
9215,97
9216,97
9217,97
9220,97
9221,97
9222,97
9223,97
9224,97
9225,97
9226,97
9227,97
9230,97
9230,159
9231,97
9232,97
9232,159
9234,97
9235,97
9236,97
9237,97
9240,97
9241,97
9243,97
9243,159
9245,97
9246,97
9247,97
9249,97
9250,97
9257,97
9259,97
9260,97
9263,97
9264,97
9265,97
9266,97
9267,97
9268,97
9269,97
9270,97
9271,97
9271,159
9272,97
9275,97
9276,97
9278,97
9279,97
9280,97
9282,97
9283,97
9284,97
9285,97
9287,97
9288,97
9289,97
9290,97
9291,97
9292,97
9294,97
9294,159
9295,97
9296,97
9297,97
9298,97
9302,97
9303,97
9304,97
9305,97
9306,97
9306,159
9307,97
9308,97
9309,97
9310,97
9311,97
9313,97
9314,97
9316,97
9317,97
9319,97
9320,97
9321,97
9323,97
9325,97
9326,97
9327,97
9329,97
9330,97
9331,97
9332,97
9333,97
9335,97
9335,159
9336,97
9338,97
9339,97
9341,97
9342,97
9343,97
9344,97
9345,97
9346,97
9346,159
9347,97
9348,97
9349,97
9351,97
9352,97
9353,97
9355,97
9356,97
9358,97
9362,97
9363,97
9364,97
9365,97
9366,97
9367,97
9368,97
9370,97
9371,97
9371,159
9377,97
9378,97
9379,97
9380,97
9381,97
9381,159
9383,97
9385,97
9388,97
9389,97
9390,97
9392,97
9393,97
9394,97
9395,97
9396,97
9398,97
9399,97
9399,159
9400,97
9401,97
9403,97
9404,97
9405,97
9406,97
9407,97
9409,97
9410,97
9411,97
9411,159
9413,97
9414,97
9415,97
9416,97
9417,97
9419,97
9420,97
9421,97
9422,97
9424,97
9425,97
9426,97
9427,97
9428,97
9430,97
9432,97
9434,97
9435,97
9436,97
9436,159
9438,97
9438,159
9439,97
9441,97
9442,97
9444,97
9446,97
9448,97
9449,97
9450,97
9451,97
9452,97
9454,97
9454,159
9455,97
9456,97
9458,97
9459,97
9460,97
9461,97
9462,97
9463,97
9464,97
9467,97
9469,97
9470,97
9472,97
9473,97
9475,97
9477,97
9478,97
9479,97
9481,97
9489,97
9491,97
9492,97
9493,97
9494,97
9495,97
9497,97
9499,97
9501,97
9503,97
9505,97
9507,97
9508,97
9509,97
9514,97
9514,159
9515,97
9515,159
9516,97
9517,97
9519,97
9520,97
9521,159
9522,97
9525,97
9526,97
9527,97
9528,97
9529,97
9530,97
9531,97
9533,97
9535,97
9536,97
9537,97
9539,97
9540,97
9541,97
9544,97
9547,97
9548,97
9549,97
9551,97
9552,97
9553,97
9554,97
9555,97
9555,159
9556,97
9557,97
9558,97
9559,97
9560,97
9562,97
9563,97
9564,97
9565,97
9566,97
9567,97
9568,97
9569,97
9570,97
9572,97
9574,97
9576,97
9578,97
9579,97
9580,97
9580,159
9581,97
9582,97
9585,97
9588,97
9589,97
9589,159
9590,97
9591,97
9592,97
9596,97
9598,97
9599,97
9600,97
9601,97
9603,97
9604,97
9605,97
9609,97
9611,97
9612,97
9614,97
9616,97
9617,97
9618,97
9619,97
9621,97
9623,97
9625,97
9628,97
9629,97
9631,97
9633,97
9634,97
9635,97
9636,97
9637,97
9638,97
9641,97
9643,97
9644,97
9645,97
9646,97
9649,97
9650,97
9651,97
9652,97
9653,97
9653,159
9654,97
9657,97
9658,97
9661,97
9663,97
9665,97
9666,97
9667,97
9668,97
9669,97
9671,97
9671,159
9672,97
9673,97
9674,97
9676,97
9677,159
9678,97
9679,97
9680,97
9681,97
9682,97
9685,97
9688,97
9689,97
9690,97
9691,97
9693,97
9694,97
9695,97
9696,97
9697,97
9700,97
9701,97
9702,97
9704,97
9705,97
9706,97
9707,97
9708,97
9709,97
9710,97
9711,97
9712,97
9713,97
9714,97
9715,97
9716,97
9717,97
9718,97
9719,97
9720,97
9721,97
9722,97
9723,97
9724,97
9725,97
9726,97
9727,97
9728,97
9730,97
9732,97
9734,97
9735,97
9736,97
9737,159
9738,97
9739,97
9739,159
9740,97
9741,97
9741,159
9742,97
9742,159
9744,159
9745,97
9745,159
9747,97
9748,159
9749,97
9751,97
9751,159
9752,97
9753,97
9755,97
9756,97
9757,159
9758,159
9759,97
9762,97
9764,97
9765,97
9766,97
9767,97
9769,97
9770,97
9771,97
9772,97
9774,97
9775,97
9777,97
9778,97
9780,97
9781,97
9783,97
9784,97
9785,97
9786,97
9789,97
9790,97
9791,97
9793,97
9794,97
9795,159
9796,97
9800,97
9803,97
9804,97
9805,97
9805,159
9806,97
9807,97
9809,97
9810,97
9812,97
9814,97
9815,97
9817,97
9820,97
9821,97
9822,97
9823,97
9824,97
9825,97
9826,97
9826,159
9827,97
9828,97
9829,97
9830,97
9831,97
9831,159
9832,97
9832,159
9833,97
9834,97
9835,97
9836,97
9837,97
9839,97
9841,97
9842,97
9842,159
9843,97
9844,97
9845,97
9846,97
9848,97
9851,159
9853,97
9855,97
9856,97
9857,97
9858,97
9859,97
9860,97
9861,97
9862,97
9864,97
9864,159
9865,97
9865,159
9866,97
9868,97
9869,97
9876,97
9878,97
9879,97
9881,97
9882,97
9882,159
9883,97
9884,97
9885,97
9886,97
9887,97
9888,97
9889,97
9890,97
9892,97
9893,97
9894,97
9894,159
9895,97
9896,97
9897,97
9898,97
9899,97
9900,97
9902,97
9902,159
9903,97
9904,97
9905,97
9906,97
9908,97
9909,97
9909,159
9910,97
9911,97
9912,97
9913,97
9916,97
9918,97
9921,97
9922,97
9922,159
9923,97
9925,97
9926,97
9927,97
9928,97
9929,97
9931,97
9932,97
9933,97
9934,97
9935,97
9938,97
9939,97
9940,97
9941,97
9942,97
9943,97
9944,97
9945,97
9947,97
9948,97
9948,159
9951,97
9952,97
9953,97
9954,97
9955,97
9956,97
9957,97
9958,97
9960,97
9961,97
9962,97
9964,97
9965,97
9967,159
9968,97
9969,97
9970,97
9971,97
9973,97
9974,97
9975,97
9977,97
9978,97
9979,97
9980,97
9981,97
9982,97
9983,97
9986,97
9987,97
9988,97
9989,97
9990,97
9991,97
9992,97
9993,97
9994,97
9996,97
9997,97
9999,97
10000,97
10001,97
10002,97
10004,97
10004,159
10005,97
10006,97
10008,97
10010,97
10012,97
10013,97
10014,97
10018,97
10021,97
10025,97
10026,97
10026,159
10027,97
10028,97
10030,97
10031,97
10033,97
10034,97
10038,97
10038,159
10039,97
10040,97
10041,97
10042,97
10044,97
10045,97
10046,97
10048,97
10049,97
10050,97
10051,97
10052,97
10053,97
10054,97
10055,97
10056,97
10059,97
10060,97
10060,159
10061,97
10062,97
10063,97
10064,97
10065,97
10066,97
10067,97
10068,97
10069,159
10070,97
10071,97
10072,97
10073,97
10076,97
10078,97
10079,97
10082,97
10083,97
10084,97
10086,97
10087,97
10088,97
10089,97
10090,97
10091,159
10094,97
10095,97
10096,97
10097,97
10098,97
10099,97
10100,97
10101,97
10102,97
10102,159
10103,97
10105,97
10106,97
10107,97
10108,97
10109,97
10109,159
10111,97
10111,159
10114,97
10115,97
10116,97
10116,159
10117,97
10118,97
10119,97
10120,97
10121,97
10122,97
10124,97
10124,159
10125,97
10129,97
10130,97
10130,159
10131,97
10132,97
10133,97
10133,159
10134,97
10134,159
10135,97
10136,97
10136,159
10137,97
10139,97
10140,79
10140,97
10141,97
10142,97
10145,97
10146,97
10148,97
10149,97
10150,97
10151,97
10152,97
10154,97
10156,97
10158,97
10159,97
10163,97
10165,97
10166,97
10167,97
10172,97
10173,97
10174,97
10178,97
10179,97
10181,97
10181,159
10182,97
10183,97
10184,97
10185,97
10186,97
10188,97
10189,97
10190,97
10191,97
10193,97
10195,97
10196,97
10196,159
10197,97
10198,97
10199,97
10200,97
10201,97
10202,97
10203,97
10204,97
10205,97
10205,159
10206,159
10207,97
10208,97
10209,97
10209,159
10210,97
10211,97
10212,97
10212,159
10213,97
10215,97
10216,97
10217,97
10218,97
10219,97
10220,97
10221,97
10222,97
10223,97
10224,97
10225,97
10226,97
10227,97
10228,97
10230,97
10231,97
10233,97
10234,159
10235,159
10238,97
10239,97
10240,97
10240,159
10241,97
10241,159
10242,97
10242,159
10243,97
10243,159
10244,97
10245,97
10246,97
10247,97
10249,97
10250,97
10251,97
10252,97
10253,97
10254,97
10255,97
10256,97
10257,97
10258,97
10259,97
10260,97
10261,97
10262,97
10262,159
10263,97
10264,97
10265,97
10266,97
10267,97
10269,97
10270,97
10271,97
10272,97
10273,97
10274,97
10275,97
10277,97
10278,97
10279,97
10280,97
10283,97
10284,97
10285,97
10286,97
10286,159
10288,97
10288,159
10289,97
10289,159
10291,97
10292,97
10293,97
10294,97
10295,97
10296,97
10297,97
10298,97
10299,97
10300,97
10301,97
10301,159
10302,97
10303,97
10304,97
10306,97
10307,97
10308,97
10309,97
10310,97
10311,97
10312,97
10314,97
10316,97
10316,117
10316,159
10317,97
10318,97
10321,97
10321,159
10322,97
10324,97
10325,97
10325,159
10327,97
10328,97
10329,97
10331,97
10333,97
10334,97
10336,97
10337,97
10338,97
10339,97
10340,97
10341,97
10342,97
10342,159
10344,97
10345,97
10346,97
10347,97
10348,97
10348,159
10349,97
10350,97
10352,97
10353,97
10356,97
10358,97
10360,97
10360,159
10361,97
10363,97
10364,97
10366,97
10368,97
10369,97
10369,159
10370,97
10371,97
10372,97
10373,97
10374,97
10375,97
10376,97
10377,97
10378,97
10379,97
10380,159
10381,97
10382,97
10383,97
10384,97
10384,159
10387,97
10387,159
10388,97
10389,97
10390,97
10391,97
10391,159
10392,97
10394,97
10396,97
10397,97
10399,97
10400,97
10401,97
10402,97
10404,97
10405,97
10407,97
10408,97
10408,159
10409,97
10410,97
10410,159
10411,97
10412,97
10413,97
10414,97
10415,97
10416,97
10416,159
10417,97
10419,97
10420,97
10420,159
10423,97
10423,159
10424,97
10425,97
10427,97
10428,97
10428,159
10429,97
10431,97
10432,97
10433,97
10434,97
10435,97
10436,97
10437,97
10438,97
10439,97
10440,97
10441,97
10442,97
10444,97
10444,159
10446,97
10447,97
10447,159
10448,97
10450,97
10451,97
10454,97
10455,97
10457,97
10458,97
10459,97
10461,97
10462,97
10462,159
10464,97
10465,97
10466,97
10467,97
10467,159
10469,97
10470,97
10471,159
10472,97
10473,97
10474,97
10475,97
10476,97
10478,97
10479,97
10482,97
10483,97
10484,97
10484,159
10485,97
10486,97
10488,97
10490,97
10491,97
10492,159
10493,97
10494,97
10495,97
10496,97
10497,97
10499,97
10500,97
10500,159
10501,97
10501,159
10502,97
10504,97
10507,97
10508,97
10508,159
10510,97
10511,97
10513,97
10514,97
10515,97
10515,159
10516,97
10517,97
10518,97
10519,97
10520,97
10522,97
10524,97
10524,159
10526,97
10528,97
10528,159
10530,97
10531,97
10532,97
10533,97
10534,97
10535,97
10536,97
10537,97
10538,97
10539,97
10540,97
10541,159
10542,97
10542,159
10545,97
10548,97
10549,97
10550,97
10551,97
10553,97
10553,159
10554,97
10556,159
10557,97
10557,159
10558,97
10558,159
10560,97
10562,97
10564,159
10565,97
10567,97
10567,159
10569,97
10570,97
10571,97
10572,97
10573,97
10574,97
10575,97
10576,97
10577,97
10578,97
10580,97
10582,97
10583,97
10584,97
10585,97
10586,97
10586,159
10588,97
10588,159
10589,97
10590,97
10591,97
10591,159
10592,97
10593,97
10594,97
10597,97
10598,97
10599,97
10600,97
10602,97
10603,97
10604,97
10605,97
10606,97
10607,97
10609,97
10610,97
10611,97
10613,97
10615,159
10621,97
10622,97
10624,97
10625,97
10626,97
10628,159
10629,97
10630,97
10631,97
10632,97
10633,97
10634,97
10635,97
10637,97
10638,97
10639,97
10640,97
10641,97
10642,97
10643,97
10644,97
10645,97
10647,97
10648,159
10649,97
10650,97
10651,97
10652,97
10653,97
10654,97
10656,97
10657,97
10658,97
10662,159
10663,97
10665,97
10666,97
10667,97
10668,97
10670,97
10671,97
10672,97
10672,159
10674,97
10675,97
10676,97
10677,97
10678,97
10679,97
10680,97
10681,97
10682,97
10683,97
10684,97
10685,97
10686,97
10687,97
10689,97
10691,97
10692,97
10693,97
10694,97
10696,97
10698,97
10699,97
10701,97
10703,97
10704,97
10705,97
10707,97
10708,97
10709,97
10710,97
10711,97
10712,97
10713,97
10717,97
10718,97
10719,97
10721,97
10722,97
10723,97
10724,97
10725,97
10725,159
10726,97
10727,97
10729,97
10730,97
10731,97
10732,97
10733,97
10734,97
10735,97
10737,97
10738,97
10739,159
10740,97
10743,97
10743,159
10744,97
10749,97
10750,97
10751,97
10751,159
10753,97
10754,97
10755,97
10755,159
10756,97
10757,97
10758,97
10762,97
10763,97
10764,97
10765,97
10766,97
10767,97
10768,97
10769,97
10771,97
10772,97
10773,97
10774,97
10777,97
10778,97
10779,97
10781,97
10782,97
10784,97
10785,97
10788,97
10790,97
10791,97
10792,97
10793,97
10795,97
10796,97
10796,159
10797,97
10798,97
10799,97
10800,97
10801,97
10802,97
10804,97
10806,97
10807,97
10808,97
10809,97
10810,97
10811,97
10813,97
10815,97
10816,97
10817,97
10818,97
10819,159
10820,97
10821,97
10822,97
10823,97
10824,97
10825,97
10826,97
10827,97
10828,97
10830,159
10832,97
10833,97
10834,97
10835,97
10836,97
10838,97
10839,97
10840,97
10841,159
10842,97
10843,97
10844,97
10846,97
10847,97
10848,97
10850,97
10851,97
10853,97
10854,97
10856,97
10857,97
10859,97
10860,97
10861,97
10861,159
10862,97
10864,97
10865,97
10866,97
10867,97
10867,159
10868,97
10869,97
10871,97
10874,97
10875,97
10876,159
10878,97
10880,97
10880,159
10881,97
10882,97
10883,97
10885,97
10887,97
10888,97
10890,97
10893,97
10894,97
10895,97
10896,97
10897,97
10898,97
10899,97
10900,97
10901,97
10903,97
10905,97
10906,97
10907,97
10908,97
10910,97
10911,97
10913,97
10916,97
10918,97
10919,97
10920,97
10922,159
10924,97
10925,97
10925,159
10926,97
10927,97
10928,97
10931,97
10933,97
10935,97
10936,97
10938,97
10939,97
10940,159
10941,97
10942,97
10944,97
10945,97
10946,97
10947,97
10948,97
10949,97
10950,97
10951,97
10952,97
10953,97
10954,97
10955,97
10957,97
10959,97
10959,159
10960,97
10962,97
10964,97
10966,97
10967,97
10970,97
10973,97
10974,97
10976,97
10978,97
10979,159
10981,97
10982,97
10985,97
10988,97
10989,97
10989,159
10990,97
10991,97
10992,97
10993,97
10994,97
10999,97
11000,97
11003,97
11004,97
11005,97
11006,97
11007,97
11007,159
11008,97
11010,97
11011,97
11023,159
11027,97
11028,97
11028,159
11029,97
11030,97
11031,97
11032,97
11033,97
11034,97
11037,97
11038,97
11039,97
11043,97
11044,97
11045,97
11046,97
11050,97
11052,97
11053,97
11055,97
11056,97
11057,97
11058,97
11059,97
11060,97
11060,159
11061,97
11068,97
11070,97
11070,159
11071,97
11077,97
11078,97
11079,97
11081,97
11083,97
11084,97
11088,97
11089,97
11090,97
11094,97
11095,97
11096,97
11099,97
11100,97
11101,97
11104,97
11106,97
11108,97
11110,97
11111,97
11112,97
11114,97
11116,97
11118,97
11119,97
11120,97
11125,97
11126,97
11127,97
11130,97
11131,97
11135,97
11136,97
11141,97
11141,159
11142,97
11142,159
11145,97
11147,97
11148,97
11149,97
11156,97
11156,159
11157,97
11158,97
11159,97
11160,97
11161,97
11164,97
11167,97
11168,97
11172,97
11173,97
11174,97
11176,97
11178,97
11179,97
11180,97
11181,97
11181,159
11182,79
11182,97
11183,97
11185,97
11186,97
11187,97
11191,97
11193,97
11194,97
11197,97
11198,97
11199,97
11200,97
11201,97
11202,97
11203,97
11204,97
11205,97
11206,97
11208,97
11209,97
11210,97
11211,97
11213,97
11215,97
11217,97
11220,97
11221,97
11222,97
11223,97
11224,97
11227,97
11228,97
11229,97
11230,97
11231,97
11233,97
11234,97
11235,97
11236,97
11237,97
11238,97
11238,129
11239,97
11241,97
11242,97
11243,97
11244,97
11245,97
11246,97
11247,97
11248,97
11249,97
11250,97
11251,97
11251,159
11252,97
11253,97
11254,97
11255,97
11257,97
11259,97
11261,97
11264,97
11265,97
11266,97
11267,97
11268,97
11269,97
11270,97
11272,97
11275,159
11277,97
11278,97
11279,97
11280,97
11281,97
11283,97
11284,97
11285,97
11286,97
11288,97
11289,97
11290,97
11291,97
11293,97
11294,97
11296,97
11299,97
11300,97
11301,97
11304,97
11308,97
11309,97
11310,97
11311,97
11312,97
11314,97
11315,97
11316,97
11317,97
11318,97
11321,97
11322,97
11324,97
11325,97
11326,97
11328,97
11329,97
11330,97
11330,159
11333,97
11334,159
11337,97
11338,97
11339,97
11340,97
11345,97
11346,97
11347,97
11348,97
11350,97
11351,97
11352,97
11353,97
11354,97
11355,97
11356,97
11357,97
11358,97
11359,97
11360,97
11363,97
11364,97
11365,97
11365,159
11366,97
11367,97
11368,97
11371,97
11373,97
11373,159
11374,97
11377,97
11380,97
11381,97
11382,97
11382,159
11387,97
11389,97
11390,97
11391,97
11392,97
11393,97
11394,97
11395,97
11396,97
11397,97
11397,159
11398,97
11399,97
11400,97
11405,97
11407,97
11409,97
11410,97
11411,97
11411,159
11412,97
11413,97
11414,97
11415,97
11418,97
11422,97
11424,97
11425,97
11427,97
11429,97
11431,97
11433,97
11434,97
11434,159
11436,97
11437,97
11438,97
11439,97
11440,97
11441,97
11442,97
11442,159
11445,97
11447,97
11448,97
11449,97
11451,97
11452,97
11454,97
11455,97
11456,97
11457,97
11461,97
11462,97
11463,97
11464,97
11466,97
11468,97
11469,97
11470,97
11471,97
11472,97
11473,97
11474,97
11475,97
11476,97
11477,97
11478,97
11483,97
11485,97
11487,97
11490,97
11491,97
11492,97
11496,97
11497,97
11499,97
11500,97
11501,159
11504,97
11507,97
11508,97
11510,97
11511,97
11512,97
11516,97
11517,97
11519,97
11522,97
11523,97
11525,97
11526,97
11527,97
11528,97
11536,97
11537,97
11538,97
11541,97
11541,159
11542,97
11543,97
11545,97
11546,97
11547,97
11549,97
11551,97
11552,97
11553,97
11554,97
11555,97
11556,97
11557,97
11558,159
11560,97
11561,97
11562,97
11563,97
11564,97
11565,97
11567,97
11567,159
11568,97
11569,97
11570,97
11571,97
11572,97
11572,159
11573,97
11574,97
11575,97
11576,97
11577,97
11579,97
11581,97
11583,97
11584,97
11584,159
11585,97
11586,97
11587,97
11588,97
11589,97
11592,97
11593,97
11594,97
11596,97
11597,97
11598,97
11599,97
11600,97
11602,97
11603,97
11604,97
11605,97
11606,97
11607,97
11608,97
11610,97
11612,97
11613,97
11614,97
11615,97
11617,97
11618,97
11619,97
11621,97
11622,97
11623,97
11624,97
11625,97
11626,97
11627,97
11629,97
11633,97
11634,97
11635,97
11639,97
11640,97
11641,97
11643,97
11644,97
11645,97
11646,97
11647,97
11648,97
11649,97
11650,159
11651,97
11653,97
11655,97
11658,97
11659,97
11660,159
11661,97
11662,97
11663,97
11665,97
11667,97
11667,159
11669,97
11670,97
11673,97
11675,97
11676,97
11677,97
11678,97
11679,97
11680,97
11681,97
11684,97
11686,97
11687,97
11688,97
11689,97
11690,97
11691,97
11694,97
11695,97
11696,97
11697,97
11698,97
11699,97
11700,97
11701,97
11701,159
11703,97
11704,97
11705,97
11706,97
11708,97
11709,97
11710,97
11711,97
11711,159
11712,97
11714,97
11715,97
11715,159
11716,97
11717,97
11718,97
11719,97
11720,97
11721,97
11722,97
11725,97
11726,97
11729,97
11730,97
11731,97
11734,97
11734,159
11735,97
11736,97
11738,97
11739,97
11739,159
11740,97
11742,97
11743,97
11746,97
11747,97
11749,97
11751,97
11752,97
11753,97
11754,97
11754,159
11755,97
11756,97
11758,97
11759,97
11762,97
11763,97
11765,97
11766,97
11767,97
11770,97
11771,97
11774,97
11775,97
11776,97
11778,97
11780,97
11781,97
11782,97
11783,97
11784,97
11786,97
11787,97
11788,97
11789,97
11790,97
11792,97
11793,97
11796,97
11796,159
11797,97
11798,97
11799,97
11800,97
11801,97
11805,97
11806,97
11808,97
11809,97
11812,97
11814,97
11814,159
11820,97
11821,97
11822,97
11823,97
11824,97
11825,97
11827,97
11828,97
11829,97
11830,97
11833,97
11834,97
11835,97
11838,97
11840,97
11841,97
11842,97
11844,97
11847,97
11848,97
11849,97
11850,97
11850,159
11851,97
11852,97
11854,97
11855,97
11856,97
11857,97
11858,97
11860,97
11861,97
11862,97
11863,97
11864,97
11865,97
11868,97
11869,97
11869,159
11870,97
11871,97
11872,97
11873,97
11874,97
11875,97
11876,97
11879,97
11880,97
11882,97
11883,97
11883,159
11884,97
11886,97
11887,97
11888,97
11889,97
11890,97
11890,159
11891,97
11894,97
11897,97
11898,97
11901,97
11902,97
11903,97
11904,97
11905,97
11906,97
11907,97
11908,97
11908,159
11909,97
11910,97
11911,97
11912,97
11913,97
11915,159
11920,97
11921,97
11924,97
11925,97
11925,159
11926,97
11927,97
11929,97
11930,97
11931,97
11932,97
11933,97
11934,97
11936,97
11937,97
11938,97
11939,97
11940,97
11941,97
11942,97
11943,97
11944,97
11944,159
11945,97
11946,97
11947,97
11948,97
11949,97
11951,97
11952,97
11954,97
11955,97
11957,97
11959,97
11960,97
11961,97
11962,97
11963,97
11964,97
11965,97
11966,97
11968,97
11969,97
11969,159
11973,97
11974,97
11975,97
11976,97
11978,97
11979,97
11980,97
11981,97
11983,97
11984,97
11985,97
11986,97
11987,97
11988,97
11989,97
11990,97
11991,97
11992,97
11994,97
11995,97
11996,97
11999,97
12000,97
12001,97
12002,97
12003,97
12005,97
12006,97
12007,97
12008,97
12009,97
12010,97
12011,97
12012,97
12013,97
12014,97
12015,97
12016,97
12016,159
12017,97
12019,97
12020,97
12021,97
12022,97
12024,97
12025,97
12025,159
12026,97
12027,97
12029,97
12030,97
12033,97
12035,97
12036,97
12037,97
12038,97
12038,159
12039,97
12040,97
12041,97
12042,97
12043,97
12045,97
12049,97
12050,97
12052,97
12054,97
12055,97
12056,97
12057,97
12058,97
12060,97
12061,97
12061,159
12062,97
12063,97
12064,97
12065,97
12066,97
12067,97
12068,97
12069,97
12070,97
12072,97
12073,97
12074,97
12074,159
12075,97
12076,97
12077,97
12078,97
12079,97
12081,97
12082,97
12083,97
12084,97
12086,97
12087,97
12088,97
12090,97
12091,97
12093,97
12097,97
12098,97
12099,97
12100,97
12102,97
12103,97
12105,97
12108,97
12111,97
12112,97
12113,97
12114,97
12115,97
12117,97
12119,159
12120,97
12121,97
12125,97
12125,159
12127,97
12128,97
12129,97
12130,97
12131,97
12133,97
12134,97
12136,97
12139,97
12140,97
12145,97
12147,97
12148,97
12149,97
12151,97
12153,97
12155,97
12155,159
12157,97
12158,97
12159,97
12162,97
12162,159
12163,97
12164,97
12167,97
12168,97
12169,97
12172,97
12175,97
12177,97
12180,97
12181,97
12182,97
12183,97
12184,97
12185,97
12186,97
12187,97
12188,97
12189,97
12190,97
12191,97
12193,97
12194,97
12195,97
12196,97
12197,97
12197,159
12198,97
12199,97
12200,97
12201,97
12202,97
12203,97
12204,97
12205,97
12207,97
12208,97
12210,97
12211,97
12214,97
12215,97
12219,97
12220,97
12221,97
12223,97
12225,97
12226,97
12228,97
12229,97
12230,97
12231,97
12232,97
12234,97
12235,97
12236,97
12237,97
12238,97
12239,97
12240,97
12242,97
12244,97
12248,97
12249,97
12250,97
12251,97
12252,97
12253,97
12256,97
12257,97
12258,97
12258,159
12259,97
12260,97
12261,97
12261,159
12264,97
12265,97
12266,97
12266,159
12267,97
12268,97
12270,97
12271,97
12271,159
12272,97
12272,159
12273,97
12274,97
12275,97
12275,159
12276,97
12277,97
12277,159
12278,97
12279,97
12279,159
12281,97
12281,159
12282,97
12284,97
12286,97
12288,97
12289,97
12289,159
12290,97
12291,97
12292,97
12293,97
12294,97
12295,97
12297,97
12299,97
12300,97
12302,97
12303,97
12305,97
12309,97
12310,97
12313,97
12314,97
12315,97
12316,97
12318,97
12319,97
12322,97
12325,97
12327,97
12330,97
12331,97
12332,97
12333,97
12334,97
12335,97
12336,97
12337,97
12338,97
12339,97
12340,97
12343,97
12344,97
12346,97
12347,97
12349,97
12351,97
12354,97
12356,97
12356,159
12358,97
12359,97
12360,97
12361,97
12362,97
12363,97
12364,97
12366,97
12367,97
12370,97
12370,159
12371,97
12372,97
12373,97
12376,159
12377,97
12379,97
12380,97
12382,97
12384,97
12385,97
12386,97
12388,97
12389,97
12390,97
12391,97
12393,97
12395,97
12396,97
12397,97
12398,97
12400,97
12401,97
12404,97
12405,97
12405,159
12406,97
12407,97
12409,97
12410,97
12411,97
12412,97
12413,97
12414,97
12415,97
12416,97
12417,97
12417,159
12418,97
12419,97
12420,97
12422,97
12423,97
12424,97
12425,97
12427,97
12428,97
12429,97
12430,97
12431,97
12432,97
12433,97
12434,97
12436,97
12438,97
12440,97
12441,97
12442,97
12444,97
12445,97
12446,97
12447,97
12449,97
12450,97
12451,97
12453,97
12454,97
12454,159
12457,97
12458,97
12458,159
12460,97
12463,97
12464,97
12465,97
12466,97
12467,97
12468,97
12471,97
12471,159
12472,97
12473,97
12474,97
12475,97
12476,97
12477,97
12478,97
12480,97
12482,97
12483,97
12484,97
12485,97
12488,97
12489,159
12491,97
12493,97
12495,97
12496,97
12497,97
12498,97
12499,97
12501,97
12502,97
12503,97
12503,159
12505,97
12507,97
12508,97
12508,159
12509,159
12512,97
12516,97
12518,97
12519,97
12520,97
12521,97
12522,97
12523,97
12524,97
12525,97
12527,97
12529,97
12532,97
12533,97
12534,159
12535,97
12536,97
12538,97
12538,159
12539,97
12540,97
12541,97
12542,97
12543,97
12544,97
12546,159
12547,97
12548,97
12550,97
12552,97
12553,97
12556,97
12557,97
12558,97
12560,97
12564,97
12565,97
12566,97
12567,97
12568,97
12571,97
12573,97
12573,159
12574,97
12575,97
12576,97
12576,159
12577,97
12577,159
12578,97
12579,97
12580,97
12581,159
12582,97
12585,97
12587,97
12587,159
12590,97
12591,97
12592,97
12593,97
12593,159
12594,97
12595,97
12596,97
12598,97
12600,97
12601,97
12602,97
12604,97
12605,97
12606,97
12607,97
12609,97
12611,97
12612,97
12613,97
12614,97
12615,97
12616,97
12619,97
12620,97
12621,97
12624,97
12626,97
12627,97
12628,97
12629,97
12630,97
12631,97
12632,97
12634,97
12637,97
12640,97
12640,159
12643,97
12643,159
12645,97
12647,97
12648,97
12649,97
12650,97
12651,97
12651,159
12652,97
12655,97
12657,97
12658,97
12659,97
12660,97
12665,97
12666,97
12667,97
12668,97
12669,97
12670,97
12672,97
12673,97
12675,97
12676,97
12679,97
12679,159
12682,97
12682,159
12683,159
12685,159
12688,97
12689,97
12690,97
12691,97
12692,97
12693,97
12694,97
12694,159
12695,97
12695,159
12696,97
12698,97
12700,97
12701,97
12702,97
12703,97
12704,97
12705,159
12706,97
12707,97
12708,97
12709,97
12710,97
12712,97
12713,97
12714,97
12715,97
12716,97
12718,97
12719,97
12720,97
12722,97
12724,97
12727,97
12728,97
12729,97
12730,97
12731,97
12732,97
12733,97
12736,97
12740,97
12742,97
12744,97
12744,159
12746,97
12749,97
12750,97
12752,97
12753,97
12754,97
12755,97
12756,97
12757,97
12757,159
12759,97
12761,97
12763,97
12768,97
12772,97
12775,97
12778,97
12779,97
12780,97
12781,97
12785,97
12787,97
12788,97
12789,97
12790,97
12791,97
12792,97
12793,97
12794,97
12795,97
12797,97
12798,97
12801,97
12803,97
12804,97
12805,97
12808,97
12810,97
12811,97
12816,97
12817,97
12820,97
12821,97
12822,97
12825,97
12828,97
12828,159
12829,97
12830,97
12831,97
12832,97
12836,97
12837,97
12838,97
12840,97
12841,97
12843,97
12844,97
12844,159
12845,97
12846,97
12849,97
12850,97
12851,97
12852,97
12853,97
12854,97
12855,97
12856,97
12856,135
12857,97
12858,97
12859,97
12860,97
12861,97
12862,97
12866,97
12868,97
12869,97
12870,97
12875,97
12878,97
12882,97
12883,97
12884,97
12885,97
12886,97
12887,97
12888,97
12890,97
12890,159
12892,97
12893,97
12894,97
12895,97
12896,97
12897,97
12898,97
12899,97
12901,97
12902,97
12902,159
12903,97
12905,97
12907,97
12908,97
12909,97
12910,97
12911,97
12912,97
12914,159
12920,97
12921,97
12922,97
12923,97
12927,97
12929,97
12929,159
12930,97
12930,159
12931,97
12932,97
12933,97
12934,97
12936,97
12937,97
12938,97
12939,97
12939,159
12940,97
12941,97
12942,97
12943,97
12944,97
12945,97
12946,97
12948,97
12949,97
12950,97
12955,97
12958,97
12961,97
12961,159
12963,97
12964,97
12965,97
12967,97
12968,97
12970,159
12971,97
12974,97
12975,97
12976,97
12977,97
12978,97
12980,97
12983,97
12985,97
12986,97
12987,97
12988,97
12989,97
12990,97
12991,97
12991,159
12992,97
12993,97
12994,97
13001,97
13002,97
13003,97
13004,97
13006,97
13007,97
13008,97
13009,97
13010,97
13012,97
13013,97
13015,97
13016,97
13018,97
13020,97
13022,97
13025,97
13026,97
13028,97
13030,97
13033,97
13034,97
13036,97
13038,97
13039,97
13040,97
13041,97
13043,97
13045,97
13046,97
13048,97
13049,97
13050,97
13051,97
13054,97
13055,97
13056,97
13057,97
13059,97
13060,97
13062,97
13063,159
13064,97
13065,97
13066,159
13068,97
13070,97
13072,97
13075,97
13076,97
13076,159
13077,97
13078,97
13080,97
13081,97
13083,97
13084,97
13085,97
13086,97
13087,97
13088,97
13089,97
13090,97
13092,97
13093,97
13094,97
13095,97
13096,97
13097,97
13098,97
13099,97
13100,97
13103,97
13104,97
13107,97
13108,97
13109,97
13110,97
13111,97
13113,97
13114,97
13117,97
13118,97
13121,97
13123,97
13124,97
13125,97
13127,97
13128,97
13129,97
13130,97
13131,97
13134,97
13135,97
13137,97
13138,97
13139,97
13141,97
13143,97
13144,97
13145,159
13147,97
13149,97
13150,97
13153,97
13157,97
13160,97
13161,97
13162,97
13163,97
13164,97
13165,97
13167,97
13168,97
13171,97
13172,97
13173,97
13174,97
13175,97
13176,97
13176,159
13178,97
13179,97
13180,97
13181,97
13184,97
13185,97
13187,97
13188,97
13189,97
13190,97
13191,97
13192,97
13193,97
13194,97
13195,97
13199,97
13201,97
13204,97
13204,159
13205,97
13207,97
13208,97
13209,97
13210,97
13211,97
13212,97
13212,159
13214,97
13215,97
13218,97
13221,97
13222,97
13225,97
13227,97
13228,97
13232,97
13233,97
13236,97
13237,97
13238,97
13239,97
13239,159
13240,97
13243,97
13249,97
13251,97
13253,97
13254,97
13255,97
13256,97
13257,97
13258,97
13263,97
13264,97
13265,97
13268,97
13271,97
13272,97
13274,97
13275,97
13277,97
13278,97
13279,97
13280,97
13281,97
13282,97
13283,97
13284,97
13285,97
13287,97
13287,159
13290,97
13291,97
13292,97
13293,97
13293,159
13294,97
13296,97
13297,97
13302,97
13306,97
13307,97
13307,159
13308,97
13309,97
13310,97
13312,97
13315,97
13317,97
13318,97
13319,97
13320,97
13321,97
13322,97
13324,97
13324,159
13325,97
13326,97
13327,97
13328,97
13329,97
13330,97
13331,97
13333,97
13333,159
13334,97
13335,97
13336,97
13337,97
13339,97
13342,97
13343,97
13344,97
13345,97
13346,97
13348,97
13349,97
13350,97
13351,97
13352,97
13353,97
13354,97
13355,97
13356,97
13358,97
13359,97
13360,97
13361,97
13362,97
13363,97
13363,159
13364,97
13366,97
13366,159
13367,97
13368,97
13370,97
13371,97
13372,97
13375,97
13375,159
13376,97
13378,97
13379,97
13380,97
13381,97
13382,97
13383,97
13386,97
13388,97
13389,97
13391,97
13392,97
13393,97
13394,97
13395,159
13399,97
13400,97
13402,97
13403,97
13405,97
13407,97
13408,97
13409,97
13410,97
13411,97
13412,97
13413,97
13414,97
13414,159
13415,97
13418,97
13419,97
13420,97
13421,97
13423,97
13424,97
13424,159
13425,97
13426,97
13426,159
13427,97
13428,97
13429,97
13430,97
13434,97
13436,97
13438,97
13438,159
13439,97
13440,97
13441,97
13442,97
13443,97
13444,97
13445,97
13447,97
13448,97
13449,97
13450,97
13452,97
13453,97
13454,97
13456,97
13457,97
13459,97
13460,97
13461,97
13462,97
13463,97
13464,97
13465,97
13466,97
13467,97
13468,97
13469,97
13470,97
13471,159
13472,97
13473,97
13474,97
13476,97
13477,97
13478,97
13479,97
13480,97
13481,97
13482,97
13483,97
13484,97
13486,97
13487,97
13487,159
13488,97
13489,97
13490,97
13491,97
13493,97
13494,97
13495,97
13496,97
13497,97
13498,97
13499,97
13500,97
13502,97
13503,97
13504,97
13506,97
13508,97
13509,97
13512,97
13513,97
13514,97
13515,97
13515,135
13516,97
13516,159
13517,97
13518,97
13519,97
13520,97
13521,97
13522,97
13522,159
13525,97
13526,97
13529,97
13530,97
13531,97
13532,97
13534,97
13536,97
13538,97
13539,97
13541,97
13541,159
13542,97
13545,97
13546,97
13548,97
13549,97
13550,97
13553,97
13554,97
13555,97
13560,97
13561,97
13561,159
13562,97
13564,97
13565,97
13568,97
13569,97
13570,97
13570,159
13571,97
13572,97
13573,97
13573,159
13574,97
13575,97
13576,97
13577,97
13578,97
13579,97
13580,97
13581,97
13582,97
13583,97
13584,97
13584,159
13585,97
13587,97
13588,97
13590,97
13591,97
13592,97
13593,97
13594,97
13595,97
13596,97
13597,97
13598,97
13598,159
13599,97
13600,97
13602,97
13603,97
13604,97
13608,97
13609,97
13611,97
13613,97
13615,97
13616,97
13617,97
13618,97
13620,97
13622,97
13625,97
13627,97
13628,97
13629,97
13630,97
13632,97
13632,159
13634,97
13635,97
13638,97
13639,97
13640,97
13641,97
13644,97
13649,97
13653,97
13654,97
13655,97
13656,97
13657,97
13658,97
13660,97
13662,97
13663,97
13663,159
13664,97
13665,97
13666,97
13667,97
13669,97
13670,97
13671,97
13672,97
13673,97
13674,97
13674,159
13676,97
13677,97
13680,159
13681,97
13682,97
13685,97
13685,159
13686,97
13689,97
13691,97
13692,97
13693,97
13695,97
13696,97
13697,97
13697,159
13699,97
13700,97
13703,97
13703,159
13705,97
13705,159
13706,97
13707,97
13708,97
13709,97
13710,97
13711,97
13712,97
13714,97
13715,97
13716,97
13717,97
13718,97
13719,97
13720,97
13721,97
13722,97
13723,97
13724,97
13725,97
13726,97
13727,97
13728,97
13730,97
13732,97
13734,97
13736,97
13737,97
13739,97
13740,97
13740,159
13741,97
13742,97
13743,97
13743,159
13744,97
13745,97
13746,97
13747,97
13748,97
13749,97
13751,97
13751,159
13752,97
13753,97
13755,97
13756,97
13757,97
13758,97
13760,97
13761,97
13762,97
13765,97
13766,97
13767,97
13768,97
13769,97
13770,97
13771,97
13772,97
13774,97
13776,97
13777,97
13778,97
13779,97
13780,97
13781,97
13782,97
13783,97
13784,97
13785,97
13787,97
13789,97
13790,97
13791,97
13792,97
13794,97
13795,97
13796,97
13798,97
13800,97
13801,97
13802,97
13803,97
13804,97
13807,97
13808,97
13811,97
13812,97
13814,97
13815,97
13816,97
13817,97
13818,97
13819,97
13820,97
13822,97
13823,97
13824,97
13825,97
13826,97
13827,97
13828,97
13829,97
13830,97
13831,97
13832,97
13834,97
13836,97
13837,97
13838,159
13839,97
13840,97
13841,97
13841,159
13842,97
13843,97
13845,97
13846,97
13847,97
13849,97
13850,97
13852,97
13853,97
13854,97
13855,97
13856,97
13857,97
13858,97
13859,97
13860,97
13861,97
13862,97
13863,97
13864,97
13865,97
13866,97
13867,97
13868,97
13869,97
13870,97
13871,97
13872,97
13873,97
13874,97
13876,97
13878,97
13880,97
13881,97
13882,97
13884,97
13887,97
13888,97
13889,97
13891,97
13893,97
13894,97
13896,159
13897,97
13898,97
13899,97
13901,97
13902,97
13904,97
13905,97
13906,97
13908,97
13909,97
13910,97
13911,97
13911,159
13912,97
13913,97
13914,97
13915,97
13916,97
13916,159
13917,97
13918,97
13919,97
13920,97
13922,97
13923,97
13924,97
13925,97
13926,97
13927,97
13928,97
13931,97
13931,159
13932,97
13933,97
13937,97
13941,97
13944,97
13946,97
13947,97
13948,97
13950,97
13951,97
13952,97
13952,159
13953,97
13955,97
13957,97
13959,97
13961,97
13962,97
13963,97
13965,97
13966,97
13967,97
13967,159
13969,97
13970,97
13971,97
13971,159
13972,97
13973,97
13975,97
13976,97
13977,97
13978,97
13981,97
13982,97
13983,97
13984,97
13985,97
13986,97
13987,97
13989,97
13989,159
13990,97
13993,97
13994,97
13995,97
13996,97
13997,97
13999,97
14001,97
14002,97
14003,97
14005,97
14007,97
14008,97
14009,97
14011,97
14011,159
14012,97
14015,97
14017,97
14018,97
14019,97
14020,97
14021,97
14022,97
14024,97
14025,97
14026,97
14027,97
14029,97
14029,159
14031,97
14032,97
14033,97
14033,159
14034,97
14034,159
14035,97
14036,97
14036,159
14037,97
14038,97
14038,159
14039,97
14044,97
14045,97
14047,97
14048,97
14049,97
14050,97
14051,97
14055,97
14057,97
14058,97
14060,97
14061,97
14061,225
14063,97
14064,97
14065,97
14066,97
14067,97
14068,97
14071,97
14072,97
14072,159
14074,97
14075,97
14076,97
14077,97
14078,97
14079,97
14080,97
14081,97
14083,97
14084,97
14085,97
14086,97
14088,97
14089,97
14090,97
14091,97
14092,97
14094,97
14095,97
14096,97
14097,97
14098,97
14099,97
14101,97
14102,97
14103,97
14104,97
14105,97
14108,97
14109,97
14109,159
14110,97
14110,159
14115,97
14115,159
14116,97
14118,97
14119,97
14123,97
14124,97
14125,97
14127,97
14129,97
14130,97
14131,97
14131,159
14132,97
14133,97
14133,159
14136,97
14137,97
14138,97
14139,97
14140,97
14141,97
14144,97
14145,97
14146,97
14148,97
14149,97
14150,97
14151,97
14151,159
14152,97
14154,97
14155,97
14157,97
14158,97
14160,97
14161,97
14162,97
14164,97
14165,97
14165,159
14167,97
14168,97
14169,97
14170,97
14172,97
14175,97
14176,97
14177,97
14178,97
14179,97
14179,159
14180,97
14182,159
14183,97
14184,97
14186,97
14187,97
14192,97
14193,97
14196,97
14199,97
14200,97
14201,97
14202,97
14203,97
14206,97
14208,97
14210,97
14211,97
14212,97
14213,97
14216,97
14218,97
14220,97
14221,97
14222,97
14223,97
14225,97
14226,97
14227,97
14228,97
14229,97
14230,97
14230,159
14231,97
14232,97
14233,97
14234,97
14236,97
14237,97
14238,97
14240,97
14242,97
14243,97
14246,97
14247,97
14249,97
14250,97
14251,97
14252,97
14253,97
14254,97
14255,97
14257,97
14261,97
14262,97
14266,97
14268,97
14269,159
14272,97
14273,97
14276,97
14277,97
14279,97
14280,97
14281,97
14282,97
14283,97
14284,97
14288,97
14289,97
14291,97
14292,97
14293,97
14297,97
14299,97
14302,97
14303,97
14304,97
14304,159
14305,97
14306,97
14309,97
14310,97
14311,97
14312,97
14316,97
14317,97
14318,97
14321,97
14322,97
14323,97
14327,97
14328,97
14329,97
14330,97
14330,159
14331,97
14331,159
14332,97
14333,97
14334,97
14338,97
14339,97
14340,97
14341,97
14343,97
14344,97
14345,97
14346,97
14347,97
14348,97
14349,97
14351,159
14352,97
14355,159
14361,97
14362,97
14362,159
14364,97
14366,97
14367,97
14369,97
14371,97
14373,97
14374,97
14375,97
14377,97
14378,97
14379,97
14383,97
14384,97
14385,97
14386,97
14387,97
14388,97
14390,97
14391,97
14392,97
14393,97
14393,159
14394,97
14395,97
14402,97
14403,97
14407,97
14409,97
14410,97
14411,97
14412,97
14414,97
14415,97
14416,97
14417,97
14419,97
14420,97
14421,97
14423,97
14424,97
14427,97
14429,97
14430,97
14431,97
14434,97
14435,97
14437,97
14439,97
14440,97
14441,97
14442,97
14443,97
14444,97
14445,97
14447,97
14448,97
14450,97
14451,97
14453,97
14454,97
14455,97
14456,97
14457,97
14458,97
14460,97
14461,97
14461,159
14462,97
14464,159
14465,97
14467,97
14468,97
14469,97
14470,97
14471,97
14472,97
14473,97
14475,97
14475,159
14478,97
14479,97
14480,97
14481,97
14483,97
14485,97
14486,97
14489,97
14490,97
14492,97
14493,97
14495,97
14496,97
14497,97
14498,97
14499,97
14500,97
14501,97
14502,97
14504,97
14505,97
14507,97
14508,97
14512,97
14513,97
14516,97
14517,97
14518,97
14519,97
14520,97
14521,97
14522,97
14522,159
14523,97
14525,97
14526,97
14527,97
14528,97
14529,97
14530,97
14531,97
14532,97
14534,97
14535,97
14537,97
14537,159
14539,97
14540,97
14541,97
14542,97
14544,97
14545,97
14547,97
14552,97
14553,97
14555,97
14556,97
14556,159
14557,97
14558,97
14560,97
14563,97
14565,97
14566,97
14567,97
14568,97
14568,159
14570,97
14571,97
14572,97
14573,97
14576,97
14576,159
14579,97
14580,97
14582,97
14583,97
14584,97
14585,97
14586,97
14587,97
14588,97
14589,97
14590,97
14591,97
14592,97
14593,97
14594,97
14595,97
14596,97
14597,97
14599,97
14600,97
14601,97
14602,97
14602,159
14603,97
14604,97
14608,97
14609,97
14610,97
14610,159
14611,97
14612,97
14613,97
14614,97
14615,97
14616,97
14617,97
14620,97
14621,97
14622,97
14624,97
14625,97
14626,97
14627,97
14627,159
14628,97
14629,97
14631,97
14633,97
14634,97
14636,97
14637,97
14640,97
14644,97
14646,97
14648,97
14649,97
14652,97
14653,97
14654,97
14655,97
14660,97
14661,97
14663,97
14663,159
14664,97
14664,159
14665,97
14666,97
14668,97
14669,97
14670,97
14672,97
14673,97
14674,97
14675,97
14676,97
14677,97
14678,97
14682,97
14683,97
14685,97
14687,97
14688,97
14688,159
14689,97
14690,97
14691,97
14692,97
14693,97
14694,97
14695,97
14695,394
14696,97
14698,97
14699,97
14700,97
14701,97
14703,97
14706,97
14707,97
14708,97
14709,97
14710,97
14712,97
14713,97
14714,97
14715,97
14716,97
14717,97
14718,97
14719,97
14720,97
14721,97
14722,97
14723,97
14724,97
14725,97
14728,97
14729,97
14730,97
14731,97
14733,97
14734,97
14735,97
14738,97
14740,97
14742,97
14743,97
14748,159
14749,97
14752,97
14753,97
14754,97
14755,97
14756,97
14757,97
14759,97
14760,97
14761,97
14763,97
14766,97
14767,97
14768,97
14770,97
14771,97
14773,97
14775,97
14776,97
14777,97
14778,97
14780,97
14782,97
14784,97
14786,97
14787,97
14788,97
14789,97
14790,97
14793,97
14794,97
14796,97
14797,97
14798,97
14799,97
14800,97
14803,97
14804,97
14806,97
14808,97
14809,97
14811,97
14811,159
14812,97
14813,97
14814,97
14815,97
14816,97
14817,97
14820,97
14821,97
14822,97
14822,159
14823,97
14825,97
14827,97
14829,97
14831,97
14832,97
14833,97
14834,97
14835,97
14836,97
14841,97
14842,97
14843,97
14844,97
14845,97
14849,97
14849,159
14851,97
14852,97
14853,97
14855,97
14857,97
14858,97
14859,97
14861,97
14862,97
14864,97
14865,97
14866,97
14867,97
14868,97
14869,97
14871,97
14872,97
14873,97
14874,97
14876,97
14877,97
14880,97
14881,97
14884,97
14886,97
14887,97
14887,159
14890,97
14892,97
14893,97
14894,97
14896,97
14897,97
14900,97
14901,97
14902,97
14903,97
14904,97
14905,97
14906,97
14907,97
14907,159
14909,97
14910,97
14911,97
14912,97
14912,159
14913,97
14916,97
14917,97
14918,97
14921,97
14922,97
14923,97
14924,97
14926,97
14927,97
14928,97
14930,97
14931,97
14932,97
14933,97
14934,97
14935,97
14937,97
14938,159
14939,97
14940,97
14941,97
14942,97
14944,97
14945,97
14946,97
14948,97
14948,159
14949,97
14950,159
14952,97
14953,97
14954,97
14955,97
14956,97
14958,97
14960,97
14961,97
14962,97
14964,97
14965,97
14966,97
14967,97
14969,97
14970,97
14972,97
14973,97
14974,97
14975,97
14978,97
14979,97
14982,159
14983,97
14984,97
14986,97
14987,97
14988,97
14989,97
14990,97
14991,97
14994,97
14995,97
14996,97
14999,97
15001,97
15003,97
15005,97
15006,97
15008,97
15010,97
15011,97
15012,97
15013,97
15014,97
15015,97
15016,97
15019,97
15020,97
15021,159
15022,97
15023,97
15024,97
15026,97
15028,97
15029,97
15030,97
15031,97
15032,97
15033,97
15034,97
15035,97
15036,97
15037,97
15038,97
15041,97
15043,97
15046,97
15047,97
15049,97
15050,97
15052,97
15052,159
15053,97
15054,97
15055,97
15056,97
15061,97
15062,97
15063,159
15064,97
15065,97
15066,97
15067,97
15067,159
15068,97
15069,97
15070,97
15072,97
15072,159
15073,97
15073,159
15074,97
15075,97
15076,97
15077,97
15078,97
15080,97
15082,97
15083,97
15084,97
15087,97
15088,97
15090,97
15091,97
15094,97
15096,97
15099,97
15102,97
15103,97
15105,97
15106,97
15108,97
15108,159
15109,97
15110,97
15111,97
15112,97
15115,97
15117,97
15119,97
15120,97
15121,97
15122,97
15125,97
15126,97
15127,97
15128,97
15129,97
15130,97
15132,97
15133,97
15134,97
15135,97
15135,159
15136,97
15137,97
15138,97
15139,97
15141,97
15142,97
15143,97
15146,97
15147,97
15149,97
15150,97
15151,97
15152,97
15153,97
15154,97
15155,97
15157,97
15158,97
15161,97
15164,97
15165,97
15167,97
15168,97
15169,97
15170,97
15171,97
15173,97
15175,97
15177,97
15178,97
15179,97
15180,97
15181,97
15182,97
15183,97
15185,97
15186,159
15188,97
15189,97
15193,97
15194,97
15195,97
15196,97
15197,97
15198,97
15199,97
15201,97
15202,97
15203,97
15203,159
15204,97
15205,97
15206,97
15207,97
15207,159
15208,97
15209,97
15210,97
15214,97
15218,97
15219,97
15220,97
15223,97
15225,97
15225,159
15229,97
15234,97
15236,97
15236,159
15237,97
15241,97
15242,97
15243,97
15244,97
15245,97
15246,97
15247,97
15248,97
15250,97
15253,97
15254,97
15255,97
15256,97
15258,97
15259,159
15260,97
15261,97
15262,97
15263,97
15264,97
15265,97
15266,97
15267,97
15268,97
15269,97
15270,97
15271,97
15272,97
15273,159
15274,97
15276,97
15279,97
15281,97
15286,97
15287,97
15288,97
15290,97
15293,97
15294,97
15296,97
15298,97
15299,97
15299,159
15301,97
15302,97
15303,97
15305,97
15306,97
15309,97
15310,97
15312,97
15313,97
15316,159
15319,97
15321,97
15322,97
15323,97
15324,97
15329,97
15334,97
15335,97
15336,97
15339,97
15340,97
15341,97
15342,97
15346,97
15346,159
15347,97
15349,97
15349,159
15350,97
15352,97
15353,97
15356,97
15356,159
15358,97
15359,97
15362,97
15364,97
15367,97
15368,97
15368,159
15369,97
15370,97
15371,97
15372,97
15373,97
15375,97
15377,97
15378,97
15379,97
15380,97
15381,97
15381,159
15382,97
15383,97
15384,97
15385,97
15386,97
15387,97
15389,97
15390,97
15392,97
15394,97
15397,97
15398,97
15402,97
15403,97
15405,97
15406,97
15407,97
15408,97
15410,97
15411,97
15412,97
15415,97
15418,97
15419,97
15424,97
15425,97
15426,97
15428,97
15428,159
15430,97
15433,97
15436,97
15437,97
15438,97
15439,97
15440,97
15440,159
15441,97
15442,97
15443,97
15444,97
15446,97
15447,97
15450,97
15452,97
15454,97
15455,97
15456,97
15457,97
15458,97
15460,97
15463,97
15464,97
15465,97
15466,97
15467,97
15468,97
15472,97
15472,159
15473,97
15474,97
15475,97
15480,97
15482,97
15483,97
15484,97
15486,97
15489,97
15491,97
15492,97
15494,97
15494,159
15496,97
15497,97
15498,97
15500,97
15501,97
15503,97
15503,159
15505,97
15510,97
15512,97
15513,97
15514,97
15515,97
15516,97
15517,97
15518,97
15519,97
15524,97
15525,97
15526,97
15529,97
15533,97
15534,97
15534,159
15535,97
15535,159
15540,97
15541,97
15545,97
15548,97
15549,97
15550,97
15551,97
15552,97
15554,97
15560,97
15561,97
15563,97
15564,159
15565,159
15566,97
15567,97
15568,97
15569,97
15571,97
15572,97
15576,97
15577,97
15578,97
15579,97
15582,97
15583,97
15584,97
15586,97
15587,159
15588,97
15590,97
15591,97
15592,97
15593,97
15594,97
15595,97
15596,97
15599,97
15601,97
15603,97
15607,97
15608,97
15608,159
15612,97
15614,97
15615,97
15619,97
15620,97
15622,97
15624,97
15627,97
15628,97
15630,97
15631,97
15633,97
15636,97
15639,97
15640,97
15640,159
15641,97
15643,97
15643,159
15646,97
15646,159
15647,97
15648,97
15649,97
15652,97
15653,97
15655,97
15656,97
15665,97
15666,97
15672,97
15678,97
15679,97
15683,97
15684,97
15684,159
15687,97
15688,159
15689,97
15689,159
15690,97
15691,97
15691,159
15692,97
15694,97
15695,97
15698,97
15699,97
15700,97
15701,97
15702,97
15703,97
15704,97
15705,97
15706,97
15706,159
15709,97
15711,97
15713,97
15714,97
15715,97
15715,159
15716,97
15717,97
15717,159
15718,97
15718,159
15719,97
15719,159
15720,97
15721,97
15722,97
15723,97
15728,97
15729,97
15729,159
15730,97
15730,159
15731,97
15731,159
15732,97
15733,97
15738,97
15739,97
15742,97
15743,97
15745,97
15746,97
15749,97
15750,97
15751,97
15753,97
15756,97
15756,159
15757,97
15758,97
15759,97
15759,159
15762,97
15763,97
15765,97
15775,97
15777,97
15778,97
15779,97
15780,97
15780,159
15782,97
15783,97
15784,97
15785,97
15786,97
15787,97
15789,159
15791,97
15793,159
15794,97
15797,97
15800,97
15800,159
15801,97
15806,97
15806,117
15806,159
15809,97
15811,97
15812,97
15813,97
15813,159
15815,97
15816,97
15818,97
15819,97
15819,159
15820,97
15821,97
15824,97
15825,97
15826,97
15827,97
15831,97
15832,97
15833,97
15835,97
15838,97
15840,97
15841,97
15842,97
15842,159
15844,97
15847,97
15848,97
15849,97
15852,97
15853,97
15854,97
15857,97
15861,97
15862,97
15864,97
15865,97
15866,97
15868,97
15870,159
15871,97
15877,97
15883,97
15884,97
15886,97
15887,97
15888,97
15891,97
15893,97
15894,97
15897,97
15903,97
15904,97
15905,159
15906,97
15908,97
15910,97
15912,97
15914,159
15915,97
15916,97
15921,97
15923,97
15926,97
15930,97
15931,97
15932,97
15933,97
15936,97
15938,97
15942,97
15943,97
15944,97
15946,97
15947,97
15949,97
15951,97
15953,97
15955,97
15958,97
15959,97
15962,97
15966,97
15969,97
15971,97
15973,97
15975,97
15976,97
15978,97
15979,97
15982,97
15983,97
15985,97
15987,97
15987,159
15988,97
15990,159
15994,97
15996,97
15997,97
15998,97
16001,97
16002,97
16005,97
16009,97
16009,159
16010,97
16010,159
16011,97
16011,159
16012,97
16015,97
16016,97
16017,97
16019,97
16019,159
16026,97
16027,97
16027,159
16029,97
16030,97
16030,159
16031,97
16032,159
16033,97
16037,97
16040,97
16041,97
16042,97
16042,159
16043,97
16045,97
16045,159
16046,97
16046,159
16047,97
16047,159
16048,97
16049,159
16050,97
16050,159
16051,97
16052,97
16054,97
16055,97
16055,159
16056,97
16057,97
16060,97
16061,97
16062,97
16063,97
16064,97
16065,97
16067,159
16069,97
16069,159
16070,97
16070,159
16072,97
16072,159
16073,97
16075,97
16077,97
16083,97
16089,97
16090,97
16103,97
16104,97
16107,97
16121,97
16123,97
16124,97
16124,159
16126,97
16127,97
16128,97
16131,159
16133,97
16134,97
16135,97
16136,97
16136,159
16137,97
16138,97
16139,97
16140,97
16143,97
16143,159
16145,97
16146,97
16147,97
16149,97
16150,97
16151,97
16152,97
16154,97
16156,97
16158,97
16160,97
16161,97
16161,159
16163,97
16164,97
16167,97
16168,97
16168,159
16170,97
16171,97
16172,97
16173,97
16174,97
16176,97
16176,159
16178,97
16179,97
16180,97
16182,97
16183,97
16186,97
16188,97
16190,97
16191,97
16191,159
16193,97
16194,97
16195,97
16196,97
16196,159
16197,97
16199,97
16200,97
16201,97
16206,97
16210,97
16211,97
16211,159
16212,97
16213,97
16214,97
16216,97
16217,97
16219,97
16220,97
16220,159
16221,97
16222,97
16222,159
16226,97
16228,97
16229,97
16230,97
16230,159
16232,97
16233,97
16235,97
16236,97
16237,97
16237,159
16240,97
16242,97
16243,97
16244,97
16245,97
16245,159
16246,97
16247,97
16248,97
16250,97
16251,97
16252,97
16252,159
16253,97
16253,159
16256,97
16257,97
16257,159
16259,97
16262,159
16263,97
16266,97
16268,97
16269,97
16270,97
16272,97
16273,97
16274,97
16274,159
16275,97
16277,97
16278,97
16279,97
16280,97
16283,97
16284,97
16285,97
16286,97
16288,97
16289,97
16290,97
16291,97
16294,97
16295,97
16295,159
16298,97
16301,97
16303,97
16304,97
16305,97
16305,159
16306,97
16307,97
16307,159
16308,97
16310,97
16310,159
16311,97
16311,159
16312,97
16315,97
16316,97
16317,97
16318,97
16319,97
16320,97
16321,97
16321,159
16323,97
16324,97
16328,97
16329,97
16331,97
16332,97
16333,97
16334,97
16336,97
16337,97
16340,97
16341,97
16342,97
16342,159
16346,97
16347,97
16348,97
16351,97
16352,97
16353,97
16354,97
16355,97
16357,97
16358,97
16360,97
16362,97
16363,97
16364,97
16365,97
16368,97
16370,97
16373,97
16377,97
16380,97
16382,97
16385,97
16397,97
16398,97
16401,159
16402,97
16404,97
16405,97
16405,159
16410,97
16411,97
16412,97
16415,97
16417,97
16418,97
16419,97
16420,97
16425,97
16426,97
16428,159
16429,97
16430,97
16430,159
16432,97
16433,97
16434,97
16436,97
16436,159
16437,97
16439,97
16441,97
16442,97
16446,97
16447,97
16449,97
16450,97
16452,97
16453,97
16455,97
16456,97
16458,97
16459,97
16461,97
16464,97
16466,97
16467,97
16470,97
16471,97
16473,97
16474,97
16475,97
16483,97
16485,97
16486,97
16488,97
16489,97
16490,97
16491,97
16494,97
16495,97
16502,97
16503,97
16505,97
16506,159
16512,97
16515,97
16516,97
16517,97
16518,97
16519,97
16520,97
16521,97
16524,97
16525,97
16526,159
16527,97
16528,97
16529,97
16530,97
16531,97
16532,97
16533,97
16534,97
16538,97
16539,97
16541,97
16543,159
16544,97
16545,97
16545,159
16546,97
16548,97
16549,97
16550,97
16551,97
16553,97
16555,97
16556,97
16557,97
16560,97
16564,97
16565,97
16566,97
16569,97
16571,97
16573,97
16574,97
16575,97
16576,97
16577,97
16578,159
16580,97
16580,159
16581,97
16583,97
16590,97
16591,97
16592,97
16593,97
16593,159
16594,97
16595,97
16597,97
16599,97
16600,97
16601,97
16606,97
16607,97
16608,97
16609,97
16610,97
16611,97
16612,97
16613,97
16614,97
16619,97
16620,97
16620,159
16621,159
16622,159
16623,97
16625,97
16626,159
16627,97
16632,97
16633,97
16634,97
16637,97
16638,97
16641,97
16643,97
16644,97
16646,97
16646,159
16647,97
16648,97
16649,97
16650,97
16653,97
16655,97
16658,97
16659,97
16662,97
16667,97
16675,97
16676,97
16678,97
16679,97
16679,159
16681,97
16682,97
16684,97
16685,97
16687,97
16689,97
16692,97
16694,97
16697,97
16698,97
16704,97
16705,97
16708,97
16708,159
16710,97
16712,97
16713,97
16714,97
16717,97
16718,97
16721,97
16722,97
16725,97
16727,97
16732,97
16733,97
16734,97
16742,97
16743,159
16745,97
16750,97
16752,97
16754,97
16759,97
16761,97
16764,97
16772,97
16774,97
16782,97
16784,159
16785,97
16786,97
16786,159
16787,97
16788,97
16790,97
16791,97
16794,97
16795,97
16796,97
16797,97
16798,97
16799,97
16801,97
16802,97
16803,97
16804,97
16806,97
16808,97
16809,97
16811,97
16811,159
16812,97
16814,97
16816,97
16817,97
16818,97
16819,97
16820,159
16822,97
16823,97
16824,97
16825,97
16826,97
16828,97
16830,97
16831,97
16832,97
16838,97
16841,97
16842,97
16844,97
16846,97
16847,97
16848,97
16849,97
16851,97
16852,97
16853,97
16854,97
16855,97
16857,97
16858,97
16859,97
16860,97
16862,97
16863,97
16863,159
16864,97
16866,97
16867,97
16868,97
16869,97
16871,97
16874,97
16876,97
16877,97
16880,97
16881,97
16882,97
16883,97
16883,159
16884,159
16885,97
16886,97
16887,97
16889,97
16889,159
16892,97
16893,97
16894,97
16895,97
16896,97
16898,97
16901,97
16903,97
16904,97
16906,97
16907,97
16908,97
16910,97
16912,97
16913,97
16917,97
16918,97
16922,97
16924,97
16928,97
16930,97
16933,97
16935,97
16936,97
16938,97
16939,97
16943,97
16944,97
16949,97
16950,97
16955,97
16959,97
16960,97
16962,97
16964,97
16966,97
16967,97
16968,97
16970,97
16971,97
16972,97
16974,97
16975,97
16976,97
16977,97
16980,97
16982,97
16986,97
16990,97
16991,97
16993,97
16995,97
16996,97
17000,97
17004,97
17005,97
17005,159
17006,97
17007,97
17008,97
17010,97
17016,97
17017,97
17018,97
17019,97
17020,97
17020,159
17021,97
17022,97
17023,97
17024,97
17025,97
17026,97
17028,97
17030,97
17031,97
17032,97
17034,97
17035,97
17037,97
17038,97
17042,97
17043,97
17044,97
17044,159
17045,97
17047,97
17049,97
17050,97
17051,97
17052,97
17054,97
17056,97
17059,97
17065,97
17066,97
17067,97
17069,97
17069,159
17070,97
17071,97
17072,97
17074,97
17075,97
17076,97
17077,97
17080,97
17081,97
17082,97
17083,97
17084,97
17094,97
17095,97
17096,97
17098,97
17100,97
17102,97
17104,97
17105,97
17107,97
17109,97
17110,97
17111,97
17112,97
17115,97
17116,97
17117,97
17119,97
17120,97
17121,97
17122,97
17124,97
17125,97
17129,97
17130,97
17134,97
17135,97
17139,97
17140,97
17142,97
17144,97
17146,97
17146,159
17148,97
17150,97
17151,97
17155,97
17156,97
17160,97
17161,97
17162,97
17165,97
17166,97
17167,97
17168,97
17169,97
17170,97
17172,97
17173,97
17174,97
17176,97
17180,97
17181,97
17183,97
17185,97
17186,97
17186,159
17188,97
17189,97
17190,97
17191,97
17192,97
17193,97
17196,97
17197,97
17198,97
17201,97
17202,97
17204,97
17209,97
17210,97
17211,97
17212,97
17213,97
17215,97
17217,97
17220,97
17221,97
17222,97
17226,97
17227,97
17229,97
17232,97
17233,97
17237,97
17238,97
17239,97
17242,97
17243,97
17243,159
17244,97
17248,97
17249,97
17250,97
17252,97
17254,97
17257,97
17258,97
17259,97
17260,97
17262,97
17280,97
17281,97
17285,97
17287,97
17288,97
17288,159
17291,97
17292,97
17293,97
17294,97
17295,97
17297,97
17300,97
17303,97
17304,97
17307,97
17309,97
17311,97
17312,97
17318,97
17319,97
17320,97
17321,97
17325,97
17326,97
17329,97
17329,159
17331,97
17332,97
17333,97
17334,97
17335,97
17336,97
17337,97
17338,97
17339,97
17342,97
17343,97
17346,97
17347,97
17349,97
17351,97
17352,97
17353,97
17356,97
17357,97
17359,97
17361,97
17363,97
17369,97
17371,97
17372,97
17373,97
17375,97
17376,97
17378,97
17379,97
17383,97
17387,97
17388,97
17389,97
17391,97
17392,97
17393,97
17396,97
17399,97
17400,97
17402,97
17403,97
17404,97
17404,159
17412,97
17414,97
17416,97
17419,97
17420,97
17421,97
17423,97
17424,97
17425,97
17427,97
17428,97
17432,97
17433,97
17434,97
17436,97
17437,97
17439,97
17440,97
17441,97
17442,97
17444,97
17446,97
17450,97
17452,97
17453,97
17455,97
17456,97
17458,97
17463,97
17465,97
17466,97
17467,97
17468,97
17471,97
17472,97
17472,159
17474,97
17476,97
17481,97
17483,97
17484,97
17485,97
17493,97
17493,159
17498,97
17500,97
17502,97
17503,97
17504,97
17505,97
17507,97
17509,97
17512,97
17514,97
17515,97
17516,97
17520,97
17521,97
17524,97
17525,97
17526,97
17527,97
17528,97
17529,97
17530,97
17531,97
17536,97
17537,97
17538,97
17539,97
17546,97
17548,97
17549,97
17550,97
17552,97
17553,97
17554,97
17555,97
17559,159
17564,97
17566,97
17567,97
17571,97
17574,97
17575,97
17576,97
17578,97
17579,97
17582,97
17583,97
17584,97
17585,97
17586,97
17587,97
17589,97
17592,97
17596,97
17598,97
17598,159
17599,97
17600,97
17601,97
17604,97
17606,97
17607,97
17608,97
17609,97
17611,97
17613,97
17615,97
17616,97
17617,97
17620,97
17621,97
17622,97
17623,97
17626,97
17627,97
17629,97
17632,97
17634,97
17635,97
17636,97
17637,97
17638,97
17640,97
17642,97
17645,97
17647,97
17648,97
17650,97
17653,97
17656,97
17661,97
17663,97
17666,97
17669,97
17671,97
17673,97
17674,97
17676,97
17677,97
17682,97
17686,97
17687,97
17690,97
17691,97
17692,97
17694,97
17695,97
17696,97
17704,97
17706,97
17707,97
17708,97
17709,97
17717,97
17719,97
17720,97
17721,97
17723,97
17727,97
17728,97
17729,97
17731,97
17732,97
17733,97
17733,159
17734,97
17736,97
17737,97
17738,97
17740,97
17742,97
17743,159
17745,97
17746,97
17747,97
17752,97
17754,97
17757,97
17760,97
17761,97
17764,97
17765,97
17766,97
17772,97
17773,97
17776,97
17777,97
17778,97
17780,97
17782,97
17783,97
17784,97
17786,97
17790,97
17792,97
